filename,fold,target,category,esc10,src_file,take
1-11687-A-47.wav,1,47,airplane,FALSE,11687,A
1-24796-A-47.wav,1,47,airplane,FALSE,24796,A
1-36929-A-47.wav,1,47,airplane,FALSE,36929,A
1-43807-A-47.wav,1,47,airplane,FALSE,43807,A
1-43807-B-47.wav,1,47,airplane,FALSE,43807,B
1-43807-C-47.wav,1,47,airplane,FALSE,43807,C
1-43807-D-47.wav,1,47,airplane,FALSE,43807,D
1-53467-A-47.wav,1,47,airplane,FALSE,53467,A
2-105270-A-47.wav,2,47,airplane,FALSE,105270,A
2-106849-A-47.wav,2,47,airplane,FALSE,106849,A
2-160888-A-47.wav,2,47,airplane,FALSE,160888,A
2-74361-A-47.wav,2,47,airplane,FALSE,74361,A
2-78781-A-47.wav,2,47,airplane,FALSE,78781,A
2-78799-A-47.wav,2,47,airplane,FALSE,78799,A
2-96654-A-47.wav,2,47,airplane,FALSE,96654,A
2-98866-A-47.wav,2,47,airplane,FALSE,98866,A
3-115387-A-47.wav,3,47,airplane,FALSE,115387,A
3-115387-B-47.wav,3,47,airplane,FALSE,115387,B
3-115387-C-47.wav,3,47,airplane,FALSE,115387,C
3-128512-A-47.wav,3,47,airplane,FALSE,128512,A
3-128512-B-47.wav,3,47,airplane,FALSE,128512,B
3-143560-A-47.wav,3,47,airplane,FALSE,143560,A
3-143562-A-47.wav,3,47,airplane,FALSE,143562,A
3-193767-A-47.wav,3,47,airplane,FALSE,193767,A
4-161099-A-47.wav,4,47,airplane,FALSE,161099,A
4-161099-B-47.wav,4,47,airplane,FALSE,161099,B
4-161100-A-47.wav,4,47,airplane,FALSE,161100,A
4-161103-A-47.wav,4,47,airplane,FALSE,161103,A
4-161105-A-47.wav,4,47,airplane,FALSE,161105,A
4-161105-B-47.wav,4,47,airplane,FALSE,161105,B
4-251959-A-47.wav,4,47,airplane,FALSE,251959,A
4-255371-A-47.wav,4,47,airplane,FALSE,255371,A
5-215445-A-47.wav,5,47,airplane,FALSE,215445,A
5-215447-A-47.wav,5,47,airplane,FALSE,215447,A
5-215449-A-47.wav,5,47,airplane,FALSE,215449,A
5-235956-A-47.wav,5,47,airplane,FALSE,235956,A
5-251957-A-47.wav,5,47,airplane,FALSE,251957,A
5-251962-A-47.wav,5,47,airplane,FALSE,251962,A
5-251963-A-47.wav,5,47,airplane,FALSE,251963,A
5-251971-A-47.wav,5,47,airplane,FALSE,251971,A
1-18631-A-23.wav,1,23,breathing,FALSE,18631,A
1-30709-A-23.wav,1,23,breathing,FALSE,30709,A
1-30709-B-23.wav,1,23,breathing,FALSE,30709,B
1-30709-C-23.wav,1,23,breathing,FALSE,30709,C
1-36393-A-23.wav,1,23,breathing,FALSE,36393,A
1-36397-A-23.wav,1,23,breathing,FALSE,36397,A
1-36400-A-23.wav,1,23,breathing,FALSE,36400,A
1-36402-A-23.wav,1,23,breathing,FALSE,36402,A
2-50774-A-23.wav,2,23,breathing,FALSE,50774,A
2-54961-A-23.wav,2,23,breathing,FALSE,54961,A
2-54962-A-23.wav,2,23,breathing,FALSE,54962,A
2-66205-A-23.wav,2,23,breathing,FALSE,66205,A
2-82455-A-23.wav,2,23,breathing,FALSE,82455,A
2-84965-A-23.wav,2,23,breathing,FALSE,84965,A
2-95567-A-23.wav,2,23,breathing,FALSE,95567,A
2-98392-A-23.wav,2,23,breathing,FALSE,98392,A
3-108160-A-23.wav,3,23,breathing,FALSE,108160,A
3-112557-A-23.wav,3,23,breathing,FALSE,112557,A
3-112557-B-23.wav,3,23,breathing,FALSE,112557,B
3-144128-A-23.wav,3,23,breathing,FALSE,144128,A
3-144128-B-23.wav,3,23,breathing,FALSE,144128,B
3-151206-A-23.wav,3,23,breathing,FALSE,151206,A
3-166125-A-23.wav,3,23,breathing,FALSE,166125,A
3-166125-B-23.wav,3,23,breathing,FALSE,166125,B
4-171706-A-23.wav,4,23,breathing,FALSE,171706,A
4-176914-A-23.wav,4,23,breathing,FALSE,176914,A
4-198025-A-23.wav,4,23,breathing,FALSE,198025,A
4-205526-A-23.wav,4,23,breathing,FALSE,205526,A
4-205526-B-23.wav,4,23,breathing,FALSE,205526,B
4-207116-A-23.wav,4,23,breathing,FALSE,207116,A
4-210000-A-23.wav,4,23,breathing,FALSE,210000,A
4-210000-B-23.wav,4,23,breathing,FALSE,210000,B
5-213293-A-23.wav,5,23,breathing,FALSE,213293,A
5-232816-A-23.wav,5,23,breathing,FALSE,232816,A
5-233260-A-23.wav,5,23,breathing,FALSE,233260,A
5-234335-A-23.wav,5,23,breathing,FALSE,234335,A
5-235593-A-23.wav,5,23,breathing,FALSE,235593,A
5-238492-A-23.wav,5,23,breathing,FALSE,238492,A
5-260164-A-23.wav,5,23,breathing,FALSE,260164,A
5-261464-A-23.wav,5,23,breathing,FALSE,261464,A
1-17092-A-27.wav,1,27,brushing_teeth,FALSE,17092,A
1-17092-B-27.wav,1,27,brushing_teeth,FALSE,17092,B
1-45641-A-27.wav,1,27,brushing_teeth,FALSE,45641,A
1-58923-A-27.wav,1,27,brushing_teeth,FALSE,58923,A
1-58923-B-27.wav,1,27,brushing_teeth,FALSE,58923,B
1-61534-A-27.wav,1,27,brushing_teeth,FALSE,61534,A
1-67432-A-27.wav,1,27,brushing_teeth,FALSE,67432,A
1-68628-A-27.wav,1,27,brushing_teeth,FALSE,68628,A
2-73544-A-27.wav,2,27,brushing_teeth,FALSE,73544,A
2-82071-A-27.wav,2,27,brushing_teeth,FALSE,82071,A
2-83536-A-27.wav,2,27,brushing_teeth,FALSE,83536,A
2-85434-A-27.wav,2,27,brushing_teeth,FALSE,85434,A
2-86160-A-27.wav,2,27,brushing_teeth,FALSE,86160,A
2-92627-A-27.wav,2,27,brushing_teeth,FALSE,92627,A
2-94230-A-27.wav,2,27,brushing_teeth,FALSE,94230,A
2-96904-A-27.wav,2,27,brushing_teeth,FALSE,96904,A
3-100024-A-27.wav,3,27,brushing_teeth,FALSE,100024,A
3-100024-B-27.wav,3,27,brushing_teeth,FALSE,100024,B
3-112522-A-27.wav,3,27,brushing_teeth,FALSE,112522,A
3-118069-A-27.wav,3,27,brushing_teeth,FALSE,118069,A
3-118069-B-27.wav,3,27,brushing_teeth,FALSE,118069,B
3-126391-A-27.wav,3,27,brushing_teeth,FALSE,126391,A
3-126391-B-27.wav,3,27,brushing_teeth,FALSE,126391,B
3-139331-A-27.wav,3,27,brushing_teeth,FALSE,139331,A
4-144468-A-27.wav,4,27,brushing_teeth,FALSE,144468,A
4-144468-B-27.wav,4,27,brushing_teeth,FALSE,144468,B
4-154405-A-27.wav,4,27,brushing_teeth,FALSE,154405,A
4-154405-B-27.wav,4,27,brushing_teeth,FALSE,154405,B
4-172500-A-27.wav,4,27,brushing_teeth,FALSE,172500,A
4-172500-B-27.wav,4,27,brushing_teeth,FALSE,172500,B
4-172500-C-27.wav,4,27,brushing_teeth,FALSE,172500,C
4-172500-D-27.wav,4,27,brushing_teeth,FALSE,172500,D
5-147297-A-27.wav,5,27,brushing_teeth,FALSE,147297,A
5-180229-A-27.wav,5,27,brushing_teeth,FALSE,180229,A
5-185516-A-27.wav,5,27,brushing_teeth,FALSE,185516,A
5-212050-A-27.wav,5,27,brushing_teeth,FALSE,212050,A
5-218196-A-27.wav,5,27,brushing_teeth,FALSE,218196,A
5-218196-B-27.wav,5,27,brushing_teeth,FALSE,218196,B
5-220939-A-27.wav,5,27,brushing_teeth,FALSE,220939,A
5-238938-A-27.wav,5,27,brushing_teeth,FALSE,238938,A
1-101404-A-34.wav,1,34,can_opening,FALSE,101404,A
1-41615-A-34.wav,1,34,can_opening,FALSE,41615,A
1-43764-A-34.wav,1,34,can_opening,FALSE,43764,A
1-58846-A-34.wav,1,34,can_opening,FALSE,58846,A
1-60676-A-34.wav,1,34,can_opening,FALSE,60676,A
1-68670-A-34.wav,1,34,can_opening,FALSE,68670,A
1-68734-A-34.wav,1,34,can_opening,FALSE,68734,A
1-69165-A-34.wav,1,34,can_opening,FALSE,69165,A
2-130245-A-34.wav,2,34,can_opening,FALSE,130245,A
2-144031-A-34.wav,2,34,can_opening,FALSE,144031,A
2-81112-A-34.wav,2,34,can_opening,FALSE,81112,A
2-81190-A-34.wav,2,34,can_opening,FALSE,81190,A
2-83667-A-34.wav,2,34,can_opening,FALSE,83667,A
2-83688-A-34.wav,2,34,can_opening,FALSE,83688,A
2-85471-A-34.wav,2,34,can_opening,FALSE,85471,A
2-87282-A-34.wav,2,34,can_opening,FALSE,87282,A
3-147342-A-34.wav,3,34,can_opening,FALSE,147342,A
3-147343-A-34.wav,3,34,can_opening,FALSE,147343,A
3-148932-A-34.wav,3,34,can_opening,FALSE,148932,A
3-155659-A-34.wav,3,34,can_opening,FALSE,155659,A
3-166546-A-34.wav,3,34,can_opening,FALSE,166546,A
3-166546-B-34.wav,3,34,can_opening,FALSE,166546,B
3-170002-A-34.wav,3,34,can_opening,FALSE,170002,A
3-171937-A-34.wav,3,34,can_opening,FALSE,171937,A
4-175025-A-34.wav,4,34,can_opening,FALSE,175025,A
4-179836-A-34.wav,4,34,can_opening,FALSE,179836,A
4-187384-A-34.wav,4,34,can_opening,FALSE,187384,A
4-188003-A-34.wav,4,34,can_opening,FALSE,188003,A
4-212728-A-34.wav,4,34,can_opening,FALSE,212728,A
4-215635-A-34.wav,4,34,can_opening,FALSE,215635,A
4-216349-A-34.wav,4,34,can_opening,FALSE,216349,A
4-264453-A-34.wav,4,34,can_opening,FALSE,264453,A
5-221878-A-34.wav,5,34,can_opening,FALSE,221878,A
5-236299-A-34.wav,5,34,can_opening,FALSE,236299,A
5-237795-A-34.wav,5,34,can_opening,FALSE,237795,A
5-244327-A-34.wav,5,34,can_opening,FALSE,244327,A
5-244933-A-34.wav,5,34,can_opening,FALSE,244933,A
5-250753-A-34.wav,5,34,can_opening,FALSE,250753,A
5-252248-A-34.wav,5,34,can_opening,FALSE,252248,A
5-260011-A-34.wav,5,34,can_opening,FALSE,260011,A
1-17124-A-43.wav,1,43,car_horn,FALSE,17124,A
1-19026-A-43.wav,1,43,car_horn,FALSE,19026,A
1-24074-A-43.wav,1,43,car_horn,FALSE,24074,A
1-24076-A-43.wav,1,43,car_horn,FALSE,24076,A
1-254507-A-43.wav,1,43,car_horn,FALSE,254507,A
1-26176-A-43.wav,1,43,car_horn,FALSE,26176,A
1-26177-A-43.wav,1,43,car_horn,FALSE,26177,A
1-28808-A-43.wav,1,43,car_horn,FALSE,28808,A
2-100648-A-43.wav,2,43,car_horn,FALSE,100648,A
2-125520-A-43.wav,2,43,car_horn,FALSE,125520,A
2-128465-A-43.wav,2,43,car_horn,FALSE,128465,A
2-128465-B-43.wav,2,43,car_horn,FALSE,128465,B
2-138465-A-43.wav,2,43,car_horn,FALSE,138465,A
2-144137-A-43.wav,2,43,car_horn,FALSE,144137,A
2-42101-A-43.wav,2,43,car_horn,FALSE,42101,A
2-54086-A-43.wav,2,43,car_horn,FALSE,54086,A
3-145577-A-43.wav,3,43,car_horn,FALSE,145577,A
3-146697-A-43.wav,3,43,car_horn,FALSE,146697,A
3-153057-A-43.wav,3,43,car_horn,FALSE,153057,A
3-155130-A-43.wav,3,43,car_horn,FALSE,155130,A
3-155234-A-43.wav,3,43,car_horn,FALSE,155234,A
3-161010-A-43.wav,3,43,car_horn,FALSE,161010,A
3-174840-A-43.wav,3,43,car_horn,FALSE,174840,A
3-243726-A-43.wav,3,43,car_horn,FALSE,243726,A
4-175845-A-43.wav,4,43,car_horn,FALSE,175845,A
4-175846-A-43.wav,4,43,car_horn,FALSE,175846,A
4-175855-A-43.wav,4,43,car_horn,FALSE,175855,A
4-175856-A-43.wav,4,43,car_horn,FALSE,175856,A
4-176631-A-43.wav,4,43,car_horn,FALSE,176631,A
4-176638-A-43.wav,4,43,car_horn,FALSE,176638,A
4-178402-A-43.wav,4,43,car_horn,FALSE,178402,A
4-191015-A-43.wav,4,43,car_horn,FALSE,191015,A
5-179860-A-43.wav,5,43,car_horn,FALSE,179860,A
5-179863-A-43.wav,5,43,car_horn,FALSE,179863,A
5-179865-A-43.wav,5,43,car_horn,FALSE,179865,A
5-179866-A-43.wav,5,43,car_horn,FALSE,179866,A
5-179868-A-43.wav,5,43,car_horn,FALSE,179868,A
5-180156-A-43.wav,5,43,car_horn,FALSE,180156,A
5-180156-B-43.wav,5,43,car_horn,FALSE,180156,B
5-180156-C-43.wav,5,43,car_horn,FALSE,180156,C
1-34094-A-5.wav,1,5,cat,FALSE,34094,A
1-34094-B-5.wav,1,5,cat,FALSE,34094,B
1-47819-A-5.wav,1,5,cat,FALSE,47819,A
1-47819-B-5.wav,1,5,cat,FALSE,47819,B
1-47819-C-5.wav,1,5,cat,FALSE,47819,C
1-56380-A-5.wav,1,5,cat,FALSE,56380,A
1-56380-B-5.wav,1,5,cat,FALSE,56380,B
1-79113-A-5.wav,1,5,cat,FALSE,79113,A
2-110010-A-5.wav,2,5,cat,FALSE,110010,A
2-110011-A-5.wav,2,5,cat,FALSE,110011,A
2-69131-A-5.wav,2,5,cat,FALSE,69131,A
2-69131-B-5.wav,2,5,cat,FALSE,69131,B
2-82274-A-5.wav,2,5,cat,FALSE,82274,A
2-82274-B-5.wav,2,5,cat,FALSE,82274,B
2-83934-A-5.wav,2,5,cat,FALSE,83934,A
2-83934-B-5.wav,2,5,cat,FALSE,83934,B
3-146964-A-5.wav,3,5,cat,FALSE,146964,A
3-146965-A-5.wav,3,5,cat,FALSE,146965,A
3-146972-A-5.wav,3,5,cat,FALSE,146972,A
3-95694-A-5.wav,3,5,cat,FALSE,95694,A
3-95695-A-5.wav,3,5,cat,FALSE,95695,A
3-95695-B-5.wav,3,5,cat,FALSE,95695,B
3-95697-A-5.wav,3,5,cat,FALSE,95697,A
3-95698-A-5.wav,3,5,cat,FALSE,95698,A
4-120160-A-5.wav,4,5,cat,FALSE,120160,A
4-133047-A-5.wav,4,5,cat,FALSE,133047,A
4-133047-B-5.wav,4,5,cat,FALSE,133047,B
4-133047-C-5.wav,4,5,cat,FALSE,133047,C
4-149940-A-5.wav,4,5,cat,FALSE,149940,A
4-149940-B-5.wav,4,5,cat,FALSE,149940,B
4-161303-A-5.wav,4,5,cat,FALSE,161303,A
4-161303-B-5.wav,4,5,cat,FALSE,161303,B
5-169983-A-5.wav,5,5,cat,FALSE,169983,A
5-172299-A-5.wav,5,5,cat,FALSE,172299,A
5-172639-A-5.wav,5,5,cat,FALSE,172639,A
5-177614-A-5.wav,5,5,cat,FALSE,177614,A
5-214759-A-5.wav,5,5,cat,FALSE,214759,A
5-214759-B-5.wav,5,5,cat,FALSE,214759,B
5-256452-A-5.wav,5,5,cat,FALSE,256452,A
5-259169-A-5.wav,5,5,cat,FALSE,259169,A
1-116765-A-41.wav,1,41,chainsaw,TRUE,116765,A
1-19898-A-41.wav,1,41,chainsaw,TRUE,19898,A
1-19898-B-41.wav,1,41,chainsaw,TRUE,19898,B
1-19898-C-41.wav,1,41,chainsaw,TRUE,19898,C
1-47250-A-41.wav,1,41,chainsaw,TRUE,47250,A
1-47250-B-41.wav,1,41,chainsaw,TRUE,47250,B
1-64398-A-41.wav,1,41,chainsaw,TRUE,64398,A
1-64398-B-41.wav,1,41,chainsaw,TRUE,64398,B
2-50667-A-41.wav,2,41,chainsaw,TRUE,50667,A
2-50667-B-41.wav,2,41,chainsaw,TRUE,50667,B
2-50668-A-41.wav,2,41,chainsaw,TRUE,50668,A
2-50668-B-41.wav,2,41,chainsaw,TRUE,50668,B
2-68391-A-41.wav,2,41,chainsaw,TRUE,68391,A
2-68391-B-41.wav,2,41,chainsaw,TRUE,68391,B
2-77945-A-41.wav,2,41,chainsaw,TRUE,77945,A
2-77945-B-41.wav,2,41,chainsaw,TRUE,77945,B
3-118656-A-41.wav,3,41,chainsaw,TRUE,118656,A
3-118657-A-41.wav,3,41,chainsaw,TRUE,118657,A
3-118657-B-41.wav,3,41,chainsaw,TRUE,118657,B
3-118658-A-41.wav,3,41,chainsaw,TRUE,118658,A
3-118658-B-41.wav,3,41,chainsaw,TRUE,118658,B
3-118972-A-41.wav,3,41,chainsaw,TRUE,118972,A
3-118972-B-41.wav,3,41,chainsaw,TRUE,118972,B
3-165856-A-41.wav,3,41,chainsaw,TRUE,165856,A
4-149294-A-41.wav,4,41,chainsaw,TRUE,149294,A
4-149294-B-41.wav,4,41,chainsaw,TRUE,149294,B
4-157611-A-41.wav,4,41,chainsaw,TRUE,157611,A
4-157611-B-41.wav,4,41,chainsaw,TRUE,157611,B
4-165823-A-41.wav,4,41,chainsaw,TRUE,165823,A
4-165823-B-41.wav,4,41,chainsaw,TRUE,165823,B
4-169127-A-41.wav,4,41,chainsaw,TRUE,169127,A
4-169127-B-41.wav,4,41,chainsaw,TRUE,169127,B
5-170338-A-41.wav,5,41,chainsaw,TRUE,170338,A
5-170338-B-41.wav,5,41,chainsaw,TRUE,170338,B
5-171653-A-41.wav,5,41,chainsaw,TRUE,171653,A
5-185579-A-41.wav,5,41,chainsaw,TRUE,185579,A
5-185579-B-41.wav,5,41,chainsaw,TRUE,185579,B
5-216370-A-41.wav,5,41,chainsaw,TRUE,216370,A
5-216370-B-41.wav,5,41,chainsaw,TRUE,216370,B
5-222524-A-41.wav,5,41,chainsaw,TRUE,222524,A
1-13571-A-46.wav,1,46,church_bells,FALSE,13571,A
1-13572-A-46.wav,1,46,church_bells,FALSE,13572,A
1-21421-A-46.wav,1,46,church_bells,FALSE,21421,A
1-22804-A-46.wav,1,46,church_bells,FALSE,22804,A
1-40154-A-46.wav,1,46,church_bells,FALSE,40154,A
1-48298-A-46.wav,1,46,church_bells,FALSE,48298,A
1-54747-A-46.wav,1,46,church_bells,FALSE,54747,A
1-56907-A-46.wav,1,46,church_bells,FALSE,56907,A
2-56926-A-46.wav,2,46,church_bells,FALSE,56926,A
2-57191-A-46.wav,2,46,church_bells,FALSE,57191,A
2-59565-A-46.wav,2,46,church_bells,FALSE,59565,A
2-59566-A-46.wav,2,46,church_bells,FALSE,59566,A
2-61618-A-46.wav,2,46,church_bells,FALSE,61618,A
2-77346-A-46.wav,2,46,church_bells,FALSE,77346,A
2-77347-A-46.wav,2,46,church_bells,FALSE,77347,A
2-78381-A-46.wav,2,46,church_bells,FALSE,78381,A
3-111102-A-46.wav,3,46,church_bells,FALSE,111102,A
3-111102-B-46.wav,3,46,church_bells,FALSE,111102,B
3-122110-A-46.wav,3,46,church_bells,FALSE,122110,A
3-139109-A-46.wav,3,46,church_bells,FALSE,139109,A
3-87936-A-46.wav,3,46,church_bells,FALSE,87936,A
3-87936-B-46.wav,3,46,church_bells,FALSE,87936,B
3-98193-A-46.wav,3,46,church_bells,FALSE,98193,A
3-98869-A-46.wav,3,46,church_bells,FALSE,98869,A
4-125825-A-46.wav,4,46,church_bells,FALSE,125825,A
4-125825-B-46.wav,4,46,church_bells,FALSE,125825,B
4-140034-A-46.wav,4,46,church_bells,FALSE,140034,A
4-147657-A-46.wav,4,46,church_bells,FALSE,147657,A
4-147658-A-46.wav,4,46,church_bells,FALSE,147658,A
4-150364-A-46.wav,4,46,church_bells,FALSE,150364,A
4-150364-B-46.wav,4,46,church_bells,FALSE,150364,B
4-156827-A-46.wav,4,46,church_bells,FALSE,156827,A
5-179294-A-46.wav,5,46,church_bells,FALSE,179294,A
5-188716-A-46.wav,5,46,church_bells,FALSE,188716,A
5-197988-A-46.wav,5,46,church_bells,FALSE,197988,A
5-198373-A-46.wav,5,46,church_bells,FALSE,198373,A
5-201170-A-46.wav,5,46,church_bells,FALSE,201170,A
5-201172-A-46.wav,5,46,church_bells,FALSE,201172,A
5-204741-A-46.wav,5,46,church_bells,FALSE,204741,A
5-219044-A-46.wav,5,46,church_bells,FALSE,219044,A
1-104089-A-22.wav,1,22,clapping,FALSE,104089,A
1-104089-B-22.wav,1,22,clapping,FALSE,104089,B
1-105224-A-22.wav,1,22,clapping,FALSE,105224,A
1-110537-A-22.wav,1,22,clapping,FALSE,110537,A
1-115920-A-22.wav,1,22,clapping,FALSE,115920,A
1-115920-B-22.wav,1,22,clapping,FALSE,115920,B
1-115921-A-22.wav,1,22,clapping,FALSE,115921,A
1-94036-A-22.wav,1,22,clapping,FALSE,94036,A
2-25292-A-22.wav,2,22,clapping,FALSE,25292,A
2-25293-A-22.wav,2,22,clapping,FALSE,25293,A
2-57733-A-22.wav,2,22,clapping,FALSE,57733,A
2-60900-A-22.wav,2,22,clapping,FALSE,60900,A
2-76408-A-22.wav,2,22,clapping,FALSE,76408,A
2-76408-B-22.wav,2,22,clapping,FALSE,76408,B
2-76408-C-22.wav,2,22,clapping,FALSE,76408,C
2-76408-D-22.wav,2,22,clapping,FALSE,76408,D
3-130330-A-22.wav,3,22,clapping,FALSE,130330,A
3-138114-A-22.wav,3,22,clapping,FALSE,138114,A
3-149465-A-22.wav,3,22,clapping,FALSE,149465,A
3-177082-A-22.wav,3,22,clapping,FALSE,177082,A
3-177083-A-22.wav,3,22,clapping,FALSE,177083,A
3-181278-A-22.wav,3,22,clapping,FALSE,181278,A
3-197435-A-22.wav,3,22,clapping,FALSE,197435,A
3-197435-B-22.wav,3,22,clapping,FALSE,197435,B
4-189828-A-22.wav,4,22,clapping,FALSE,189828,A
4-189830-A-22.wav,4,22,clapping,FALSE,189830,A
4-189832-A-22.wav,4,22,clapping,FALSE,189832,A
4-189832-B-22.wav,4,22,clapping,FALSE,189832,B
4-189833-A-22.wav,4,22,clapping,FALSE,189833,A
4-189836-A-22.wav,4,22,clapping,FALSE,189836,A
4-189838-A-22.wav,4,22,clapping,FALSE,189838,A
4-205738-A-22.wav,4,22,clapping,FALSE,205738,A
5-209989-A-22.wav,5,22,clapping,FALSE,209989,A
5-218494-A-22.wav,5,22,clapping,FALSE,218494,A
5-221567-A-22.wav,5,22,clapping,FALSE,221567,A
5-221568-A-22.wav,5,22,clapping,FALSE,221568,A
5-221950-A-22.wav,5,22,clapping,FALSE,221950,A
5-249937-A-22.wav,5,22,clapping,FALSE,249937,A
5-254160-A-22.wav,5,22,clapping,FALSE,254160,A
5-262957-A-22.wav,5,22,clapping,FALSE,262957,A
1-13613-A-37.wav,1,37,clock_alarm,FALSE,13613,A
1-14262-A-37.wav,1,37,clock_alarm,FALSE,14262,A
1-34853-A-37.wav,1,37,clock_alarm,FALSE,34853,A
1-67033-A-37.wav,1,37,clock_alarm,FALSE,67033,A
1-72195-A-37.wav,1,37,clock_alarm,FALSE,72195,A
1-72195-B-37.wav,1,37,clock_alarm,FALSE,72195,B
1-74517-A-37.wav,1,37,clock_alarm,FALSE,74517,A
1-96890-A-37.wav,1,37,clock_alarm,FALSE,96890,A
2-102435-A-37.wav,2,37,clock_alarm,FALSE,102435,A
2-104475-A-37.wav,2,37,clock_alarm,FALSE,104475,A
2-104476-A-37.wav,2,37,clock_alarm,FALSE,104476,A
2-117116-A-37.wav,2,37,clock_alarm,FALSE,117116,A
2-78562-A-37.wav,2,37,clock_alarm,FALSE,78562,A
2-78562-B-37.wav,2,37,clock_alarm,FALSE,78562,B
2-89516-A-37.wav,2,37,clock_alarm,FALSE,89516,A
2-96063-A-37.wav,2,37,clock_alarm,FALSE,96063,A
3-117793-A-37.wav,3,37,clock_alarm,FALSE,117793,A
3-117883-A-37.wav,3,37,clock_alarm,FALSE,117883,A
3-120526-A-37.wav,3,37,clock_alarm,FALSE,120526,A
3-120526-B-37.wav,3,37,clock_alarm,FALSE,120526,B
3-131943-A-37.wav,3,37,clock_alarm,FALSE,131943,A
3-132340-A-37.wav,3,37,clock_alarm,FALSE,132340,A
3-139958-A-37.wav,3,37,clock_alarm,FALSE,139958,A
3-148297-A-37.wav,3,37,clock_alarm,FALSE,148297,A
4-151242-A-37.wav,4,37,clock_alarm,FALSE,151242,A
4-169508-A-37.wav,4,37,clock_alarm,FALSE,169508,A
4-172366-A-37.wav,4,37,clock_alarm,FALSE,172366,A
4-189332-A-37.wav,4,37,clock_alarm,FALSE,189332,A
4-198841-A-37.wav,4,37,clock_alarm,FALSE,198841,A
4-204684-A-37.wav,4,37,clock_alarm,FALSE,204684,A
4-209536-A-37.wav,4,37,clock_alarm,FALSE,209536,A
4-209698-A-37.wav,4,37,clock_alarm,FALSE,209698,A
5-210612-A-37.wav,5,37,clock_alarm,FALSE,210612,A
5-211408-A-37.wav,5,37,clock_alarm,FALSE,211408,A
5-219242-A-37.wav,5,37,clock_alarm,FALSE,219242,A
5-219242-B-37.wav,5,37,clock_alarm,FALSE,219242,B
5-223176-A-37.wav,5,37,clock_alarm,FALSE,223176,A
5-233645-A-37.wav,5,37,clock_alarm,FALSE,233645,A
5-234247-A-37.wav,5,37,clock_alarm,FALSE,234247,A
5-250629-A-37.wav,5,37,clock_alarm,FALSE,250629,A
1-21934-A-38.wav,1,38,clock_tick,TRUE,21934,A
1-21935-A-38.wav,1,38,clock_tick,TRUE,21935,A
1-35687-A-38.wav,1,38,clock_tick,TRUE,35687,A
1-42139-A-38.wav,1,38,clock_tick,TRUE,42139,A
1-48413-A-38.wav,1,38,clock_tick,TRUE,48413,A
1-57163-A-38.wav,1,38,clock_tick,TRUE,57163,A
1-62849-A-38.wav,1,38,clock_tick,TRUE,62849,A
1-62850-A-38.wav,1,38,clock_tick,TRUE,62850,A
2-119748-A-38.wav,2,38,clock_tick,TRUE,119748,A
2-127108-A-38.wav,2,38,clock_tick,TRUE,127108,A
2-131943-A-38.wav,2,38,clock_tick,TRUE,131943,A
2-134700-A-38.wav,2,38,clock_tick,TRUE,134700,A
2-135728-A-38.wav,2,38,clock_tick,TRUE,135728,A
2-140147-A-38.wav,2,38,clock_tick,TRUE,140147,A
2-141584-A-38.wav,2,38,clock_tick,TRUE,141584,A
2-88724-A-38.wav,2,38,clock_tick,TRUE,88724,A
3-142593-A-38.wav,3,38,clock_tick,TRUE,142593,A
3-143933-A-38.wav,3,38,clock_tick,TRUE,143933,A
3-150363-A-38.wav,3,38,clock_tick,TRUE,150363,A
3-164688-A-38.wav,3,38,clock_tick,TRUE,164688,A
3-170377-A-38.wav,3,38,clock_tick,TRUE,170377,A
3-170383-A-38.wav,3,38,clock_tick,TRUE,170383,A
3-171012-A-38.wav,3,38,clock_tick,TRUE,171012,A
3-171041-A-38.wav,3,38,clock_tick,TRUE,171041,A
4-175945-A-38.wav,4,38,clock_tick,TRUE,175945,A
4-179984-A-38.wav,4,38,clock_tick,TRUE,179984,A
4-181035-A-38.wav,4,38,clock_tick,TRUE,181035,A
4-181865-A-38.wav,4,38,clock_tick,TRUE,181865,A
4-188033-A-38.wav,4,38,clock_tick,TRUE,188033,A
4-191327-A-38.wav,4,38,clock_tick,TRUE,191327,A
4-194711-A-38.wav,4,38,clock_tick,TRUE,194711,A
4-198965-A-38.wav,4,38,clock_tick,TRUE,198965,A
5-201194-A-38.wav,5,38,clock_tick,TRUE,201194,A
5-208624-A-38.wav,5,38,clock_tick,TRUE,208624,A
5-209698-A-38.wav,5,38,clock_tick,TRUE,209698,A
5-209833-A-38.wav,5,38,clock_tick,TRUE,209833,A
5-210571-A-38.wav,5,38,clock_tick,TRUE,210571,A
5-212181-A-38.wav,5,38,clock_tick,TRUE,212181,A
5-219342-A-38.wav,5,38,clock_tick,TRUE,219342,A
5-235671-A-38.wav,5,38,clock_tick,TRUE,235671,A
1-19111-A-24.wav,1,24,coughing,FALSE,19111,A
1-19118-A-24.wav,1,24,coughing,FALSE,19118,A
1-30830-A-24.wav,1,24,coughing,FALSE,30830,A
1-52266-A-24.wav,1,24,coughing,FALSE,52266,A
1-52323-A-24.wav,1,24,coughing,FALSE,52323,A
1-53663-A-24.wav,1,24,coughing,FALSE,53663,A
1-58792-A-24.wav,1,24,coughing,FALSE,58792,A
1-63679-A-24.wav,1,24,coughing,FALSE,63679,A
2-108017-A-24.wav,2,24,coughing,FALSE,108017,A
2-123896-A-24.wav,2,24,coughing,FALSE,123896,A
2-85292-A-24.wav,2,24,coughing,FALSE,85292,A
2-87412-A-24.wav,2,24,coughing,FALSE,87412,A
2-87794-A-24.wav,2,24,coughing,FALSE,87794,A
2-87795-A-24.wav,2,24,coughing,FALSE,87795,A
2-87799-A-24.wav,2,24,coughing,FALSE,87799,A
2-98676-A-24.wav,2,24,coughing,FALSE,98676,A
3-125418-A-24.wav,3,24,coughing,FALSE,125418,A
3-132601-A-24.wav,3,24,coughing,FALSE,132601,A
3-142604-A-24.wav,3,24,coughing,FALSE,142604,A
3-145487-A-24.wav,3,24,coughing,FALSE,145487,A
3-146873-A-24.wav,3,24,coughing,FALSE,146873,A
3-149042-A-24.wav,3,24,coughing,FALSE,149042,A
3-151212-A-24.wav,3,24,coughing,FALSE,151212,A
3-151213-A-24.wav,3,24,coughing,FALSE,151213,A
4-152995-A-24.wav,4,24,coughing,FALSE,152995,A
4-154443-A-24.wav,4,24,coughing,FALSE,154443,A
4-155650-A-24.wav,4,24,coughing,FALSE,155650,A
4-155650-B-24.wav,4,24,coughing,FALSE,155650,B
4-157296-A-24.wav,4,24,coughing,FALSE,157296,A
4-169726-A-24.wav,4,24,coughing,FALSE,169726,A
4-171396-A-24.wav,4,24,coughing,FALSE,171396,A
4-177835-A-24.wav,4,24,coughing,FALSE,177835,A
5-178997-A-24.wav,5,24,coughing,FALSE,178997,A
5-184871-A-24.wav,5,24,coughing,FALSE,184871,A
5-204604-A-24.wav,5,24,coughing,FALSE,204604,A
5-207681-A-24.wav,5,24,coughing,FALSE,207681,A
5-208761-A-24.wav,5,24,coughing,FALSE,208761,A
5-209719-A-24.wav,5,24,coughing,FALSE,209719,A
5-211197-A-24.wav,5,24,coughing,FALSE,211197,A
5-251489-A-24.wav,5,24,coughing,FALSE,251489,A
1-16568-A-3.wav,1,3,cow,FALSE,16568,A
1-202111-A-3.wav,1,3,cow,FALSE,202111,A
1-58277-A-3.wav,1,3,cow,FALSE,58277,A
1-69422-A-3.wav,1,3,cow,FALSE,69422,A
1-69641-A-3.wav,1,3,cow,FALSE,69641,A
1-77160-A-3.wav,1,3,cow,FALSE,77160,A
1-77241-A-3.wav,1,3,cow,FALSE,77241,A
1-81269-A-3.wav,1,3,cow,FALSE,81269,A
2-103423-A-3.wav,2,3,cow,FALSE,103423,A
2-103424-A-3.wav,2,3,cow,FALSE,103424,A
2-103426-A-3.wav,2,3,cow,FALSE,103426,A
2-103427-A-3.wav,2,3,cow,FALSE,103427,A
2-103428-A-3.wav,2,3,cow,FALSE,103428,A
2-104877-A-3.wav,2,3,cow,FALSE,104877,A
2-117795-A-3.wav,2,3,cow,FALSE,117795,A
2-117795-B-3.wav,2,3,cow,FALSE,117795,B
3-124376-A-3.wav,3,3,cow,FALSE,124376,A
3-124376-B-3.wav,3,3,cow,FALSE,124376,B
3-126358-A-3.wav,3,3,cow,FALSE,126358,A
3-126358-B-3.wav,3,3,cow,FALSE,126358,B
3-152039-A-3.wav,3,3,cow,FALSE,152039,A
3-152039-B-3.wav,3,3,cow,FALSE,152039,B
3-160993-A-3.wav,3,3,cow,FALSE,160993,A
3-163727-A-3.wav,3,3,cow,FALSE,163727,A
4-174860-A-3.wav,4,3,cow,FALSE,174860,A
4-174860-B-3.wav,4,3,cow,FALSE,174860,B
4-181955-A-3.wav,4,3,cow,FALSE,181955,A
4-181955-B-3.wav,4,3,cow,FALSE,181955,B
4-181955-C-3.wav,4,3,cow,FALSE,181955,C
4-213915-A-3.wav,4,3,cow,FALSE,213915,A
4-213915-B-3.wav,4,3,cow,FALSE,213915,B
4-213915-C-3.wav,4,3,cow,FALSE,213915,C
5-194899-A-3.wav,5,3,cow,FALSE,194899,A
5-194899-B-3.wav,5,3,cow,FALSE,194899,B
5-194899-C-3.wav,5,3,cow,FALSE,194899,C
5-194899-D-3.wav,5,3,cow,FALSE,194899,D
5-202795-A-3.wav,5,3,cow,FALSE,202795,A
5-242492-A-3.wav,5,3,cow,FALSE,242492,A
5-253085-A-3.wav,5,3,cow,FALSE,253085,A
5-253085-B-3.wav,5,3,cow,FALSE,253085,B
1-17150-A-12.wav,1,12,crackling_fire,TRUE,17150,A
1-17565-A-12.wav,1,12,crackling_fire,TRUE,17565,A
1-17742-A-12.wav,1,12,crackling_fire,TRUE,17742,A
1-17808-A-12.wav,1,12,crackling_fire,TRUE,17808,A
1-17808-B-12.wav,1,12,crackling_fire,TRUE,17808,B
1-4211-A-12.wav,1,12,crackling_fire,TRUE,4211,A
1-46272-A-12.wav,1,12,crackling_fire,TRUE,46272,A
1-7057-A-12.wav,1,12,crackling_fire,TRUE,7057,A
2-18766-A-12.wav,2,12,crackling_fire,TRUE,18766,A
2-18766-B-12.wav,2,12,crackling_fire,TRUE,18766,B
2-28314-A-12.wav,2,12,crackling_fire,TRUE,28314,A
2-28314-B-12.wav,2,12,crackling_fire,TRUE,28314,B
2-30322-A-12.wav,2,12,crackling_fire,TRUE,30322,A
2-30322-B-12.wav,2,12,crackling_fire,TRUE,30322,B
2-61311-A-12.wav,2,12,crackling_fire,TRUE,61311,A
2-65747-A-12.wav,2,12,crackling_fire,TRUE,65747,A
3-104632-A-12.wav,3,12,crackling_fire,TRUE,104632,A
3-104958-A-12.wav,3,12,crackling_fire,TRUE,104958,A
3-120644-A-12.wav,3,12,crackling_fire,TRUE,120644,A
3-145774-A-12.wav,3,12,crackling_fire,TRUE,145774,A
3-147965-A-12.wav,3,12,crackling_fire,TRUE,147965,A
3-157187-A-12.wav,3,12,crackling_fire,TRUE,157187,A
3-158476-A-12.wav,3,12,crackling_fire,TRUE,158476,A
3-65748-A-12.wav,3,12,crackling_fire,TRUE,65748,A
4-164661-A-12.wav,4,12,crackling_fire,TRUE,164661,A
4-164661-B-12.wav,4,12,crackling_fire,TRUE,164661,B
4-170247-A-12.wav,4,12,crackling_fire,TRUE,170247,A
4-170247-B-12.wav,4,12,crackling_fire,TRUE,170247,B
4-171207-A-12.wav,4,12,crackling_fire,TRUE,171207,A
4-181563-A-12.wav,4,12,crackling_fire,TRUE,181563,A
4-182368-A-12.wav,4,12,crackling_fire,TRUE,182368,A
4-182369-A-12.wav,4,12,crackling_fire,TRUE,182369,A
5-186924-A-12.wav,5,12,crackling_fire,TRUE,186924,A
5-189212-A-12.wav,5,12,crackling_fire,TRUE,189212,A
5-189237-A-12.wav,5,12,crackling_fire,TRUE,189237,A
5-193473-A-12.wav,5,12,crackling_fire,TRUE,193473,A
5-193473-B-12.wav,5,12,crackling_fire,TRUE,193473,B
5-213802-A-12.wav,5,12,crackling_fire,TRUE,213802,A
5-215658-A-12.wav,5,12,crackling_fire,TRUE,215658,A
5-215658-B-12.wav,5,12,crackling_fire,TRUE,215658,B
1-57316-A-13.wav,1,13,crickets,FALSE,57316,A
1-57318-A-13.wav,1,13,crickets,FALSE,57318,A
1-59102-A-13.wav,1,13,crickets,FALSE,59102,A
1-65483-A-13.wav,1,13,crickets,FALSE,65483,A
1-7456-A-13.wav,1,13,crickets,FALSE,7456,A
1-80840-A-13.wav,1,13,crickets,FALSE,80840,A
1-80841-A-13.wav,1,13,crickets,FALSE,80841,A
1-9841-A-13.wav,1,13,crickets,FALSE,9841,A
2-106019-A-13.wav,2,13,crickets,FALSE,106019,A
2-110613-A-13.wav,2,13,crickets,FALSE,110613,A
2-125821-A-13.wav,2,13,crickets,FALSE,125821,A
2-125875-A-13.wav,2,13,crickets,FALSE,125875,A
2-80844-A-13.wav,2,13,crickets,FALSE,80844,A
2-83270-A-13.wav,2,13,crickets,FALSE,83270,A
2-85139-A-13.wav,2,13,crickets,FALSE,85139,A
2-96033-A-13.wav,2,13,crickets,FALSE,96033,A
3-129338-A-13.wav,3,13,crickets,FALSE,129338,A
3-129678-A-13.wav,3,13,crickets,FALSE,129678,A
3-134802-A-13.wav,3,13,crickets,FALSE,134802,A
3-146033-A-13.wav,3,13,crickets,FALSE,146033,A
3-155766-A-13.wav,3,13,crickets,FALSE,155766,A
3-162786-A-13.wav,3,13,crickets,FALSE,162786,A
3-163607-A-13.wav,3,13,crickets,FALSE,163607,A
3-163607-B-13.wav,3,13,crickets,FALSE,163607,B
4-163697-A-13.wav,4,13,crickets,FALSE,163697,A
4-171823-A-13.wav,4,13,crickets,FALSE,171823,A
4-172143-A-13.wav,4,13,crickets,FALSE,172143,A
4-181362-A-13.wav,4,13,crickets,FALSE,181362,A
4-194246-A-13.wav,4,13,crickets,FALSE,194246,A
4-195707-A-13.wav,4,13,crickets,FALSE,195707,A
4-195805-A-13.wav,4,13,crickets,FALSE,195805,A
4-202749-A-13.wav,4,13,crickets,FALSE,202749,A
5-204352-A-13.wav,5,13,crickets,FALSE,204352,A
5-204352-B-13.wav,5,13,crickets,FALSE,204352,B
5-210540-A-13.wav,5,13,crickets,FALSE,210540,A
5-215172-A-13.wav,5,13,crickets,FALSE,215172,A
5-215179-A-13.wav,5,13,crickets,FALSE,215179,A
5-216213-A-13.wav,5,13,crickets,FALSE,216213,A
5-216214-A-13.wav,5,13,crickets,FALSE,216214,A
5-216216-A-13.wav,5,13,crickets,FALSE,216216,A
1-103298-A-9.wav,1,9,crow,FALSE,103298,A
1-39835-A-9.wav,1,9,crow,FALSE,39835,A
1-39835-B-9.wav,1,9,crow,FALSE,39835,B
1-56233-A-9.wav,1,9,crow,FALSE,56233,A
1-56234-A-9.wav,1,9,crow,FALSE,56234,A
1-75162-A-9.wav,1,9,crow,FALSE,75162,A
1-96950-A-9.wav,1,9,crow,FALSE,96950,A
1-96950-B-9.wav,1,9,crow,FALSE,96950,B
2-108763-A-9.wav,2,9,crow,FALSE,108763,A
2-108766-A-9.wav,2,9,crow,FALSE,108766,A
2-108767-A-9.wav,2,9,crow,FALSE,108767,A
2-108767-B-9.wav,2,9,crow,FALSE,108767,B
2-108767-C-9.wav,2,9,crow,FALSE,108767,C
2-109231-A-9.wav,2,9,crow,FALSE,109231,A
2-109231-B-9.wav,2,9,crow,FALSE,109231,B
2-109231-C-9.wav,2,9,crow,FALSE,109231,C
3-112397-A-9.wav,3,9,crow,FALSE,112397,A
3-117293-A-9.wav,3,9,crow,FALSE,117293,A
3-121348-A-9.wav,3,9,crow,FALSE,121348,A
3-124925-A-9.wav,3,9,crow,FALSE,124925,A
3-127890-A-9.wav,3,9,crow,FALSE,127890,A
3-127890-B-9.wav,3,9,crow,FALSE,127890,B
3-127890-C-9.wav,3,9,crow,FALSE,127890,C
3-129264-A-9.wav,3,9,crow,FALSE,129264,A
4-136381-A-9.wav,4,9,crow,FALSE,136381,A
4-138344-A-9.wav,4,9,crow,FALSE,138344,A
4-145081-A-9.wav,4,9,crow,FALSE,145081,A
4-156227-A-9.wav,4,9,crow,FALSE,156227,A
4-159426-A-9.wav,4,9,crow,FALSE,159426,A
4-173865-A-9.wav,4,9,crow,FALSE,173865,A
4-173865-B-9.wav,4,9,crow,FALSE,173865,B
4-188287-A-9.wav,4,9,crow,FALSE,188287,A
5-213836-A-9.wav,5,9,crow,FALSE,213836,A
5-213836-B-9.wav,5,9,crow,FALSE,213836,B
5-213836-C-9.wav,5,9,crow,FALSE,213836,C
5-213836-D-9.wav,5,9,crow,FALSE,213836,D
5-214869-A-9.wav,5,9,crow,FALSE,214869,A
5-222041-A-9.wav,5,9,crow,FALSE,222041,A
5-242711-A-9.wav,5,9,crow,FALSE,242711,A
5-261325-A-9.wav,5,9,crow,FALSE,261325,A
1-187207-A-20.wav,1,20,crying_baby,TRUE,187207,A
1-211527-A-20.wav,1,20,crying_baby,TRUE,211527,A
1-211527-B-20.wav,1,20,crying_baby,TRUE,211527,B
1-211527-C-20.wav,1,20,crying_baby,TRUE,211527,C
1-22694-A-20.wav,1,20,crying_baby,TRUE,22694,A
1-22694-B-20.wav,1,20,crying_baby,TRUE,22694,B
1-60997-A-20.wav,1,20,crying_baby,TRUE,60997,A
1-60997-B-20.wav,1,20,crying_baby,TRUE,60997,B
2-107351-A-20.wav,2,20,crying_baby,TRUE,107351,A
2-107351-B-20.wav,2,20,crying_baby,TRUE,107351,B
2-151079-A-20.wav,2,20,crying_baby,TRUE,151079,A
2-50665-A-20.wav,2,20,crying_baby,TRUE,50665,A
2-50666-A-20.wav,2,20,crying_baby,TRUE,50666,A
2-66637-A-20.wav,2,20,crying_baby,TRUE,66637,A
2-66637-B-20.wav,2,20,crying_baby,TRUE,66637,B
2-80482-A-20.wav,2,20,crying_baby,TRUE,80482,A
3-151080-A-20.wav,3,20,crying_baby,TRUE,151080,A
3-151081-A-20.wav,3,20,crying_baby,TRUE,151081,A
3-151081-B-20.wav,3,20,crying_baby,TRUE,151081,B
3-152007-A-20.wav,3,20,crying_baby,TRUE,152007,A
3-152007-B-20.wav,3,20,crying_baby,TRUE,152007,B
3-152007-C-20.wav,3,20,crying_baby,TRUE,152007,C
3-152007-D-20.wav,3,20,crying_baby,TRUE,152007,D
3-152007-E-20.wav,3,20,crying_baby,TRUE,152007,E
4-167077-A-20.wav,4,20,crying_baby,TRUE,167077,A
4-167077-B-20.wav,4,20,crying_baby,TRUE,167077,B
4-167077-C-20.wav,4,20,crying_baby,TRUE,167077,C
4-185575-A-20.wav,4,20,crying_baby,TRUE,185575,A
4-185575-B-20.wav,4,20,crying_baby,TRUE,185575,B
4-185575-C-20.wav,4,20,crying_baby,TRUE,185575,C
4-59579-A-20.wav,4,20,crying_baby,TRUE,59579,A
4-59579-B-20.wav,4,20,crying_baby,TRUE,59579,B
5-151085-A-20.wav,5,20,crying_baby,TRUE,151085,A
5-198411-A-20.wav,5,20,crying_baby,TRUE,198411,A
5-198411-B-20.wav,5,20,crying_baby,TRUE,198411,B
5-198411-C-20.wav,5,20,crying_baby,TRUE,198411,C
5-198411-D-20.wav,5,20,crying_baby,TRUE,198411,D
5-198411-E-20.wav,5,20,crying_baby,TRUE,198411,E
5-198411-F-20.wav,5,20,crying_baby,TRUE,198411,F
5-198411-G-20.wav,5,20,crying_baby,TRUE,198411,G
1-100032-A-0.wav,1,0,dog,TRUE,100032,A
1-110389-A-0.wav,1,0,dog,TRUE,110389,A
1-30226-A-0.wav,1,0,dog,TRUE,30226,A
1-30344-A-0.wav,1,0,dog,TRUE,30344,A
1-32318-A-0.wav,1,0,dog,TRUE,32318,A
1-59513-A-0.wav,1,0,dog,TRUE,59513,A
1-85362-A-0.wav,1,0,dog,TRUE,85362,A
1-97392-A-0.wav,1,0,dog,TRUE,97392,A
2-114280-A-0.wav,2,0,dog,TRUE,114280,A
2-114587-A-0.wav,2,0,dog,TRUE,114587,A
2-116400-A-0.wav,2,0,dog,TRUE,116400,A
2-117271-A-0.wav,2,0,dog,TRUE,117271,A
2-118072-A-0.wav,2,0,dog,TRUE,118072,A
2-118964-A-0.wav,2,0,dog,TRUE,118964,A
2-122104-A-0.wav,2,0,dog,TRUE,122104,A
2-122104-B-0.wav,2,0,dog,TRUE,122104,B
3-136288-A-0.wav,3,0,dog,TRUE,136288,A
3-144028-A-0.wav,3,0,dog,TRUE,144028,A
3-155312-A-0.wav,3,0,dog,TRUE,155312,A
3-157695-A-0.wav,3,0,dog,TRUE,157695,A
3-163459-A-0.wav,3,0,dog,TRUE,163459,A
3-170015-A-0.wav,3,0,dog,TRUE,170015,A
3-180256-A-0.wav,3,0,dog,TRUE,180256,A
3-180977-A-0.wav,3,0,dog,TRUE,180977,A
4-182395-A-0.wav,4,0,dog,TRUE,182395,A
4-183992-A-0.wav,4,0,dog,TRUE,183992,A
4-184575-A-0.wav,4,0,dog,TRUE,184575,A
4-191687-A-0.wav,4,0,dog,TRUE,191687,A
4-192236-A-0.wav,4,0,dog,TRUE,192236,A
4-194754-A-0.wav,4,0,dog,TRUE,194754,A
4-199261-A-0.wav,4,0,dog,TRUE,199261,A
4-207124-A-0.wav,4,0,dog,TRUE,207124,A
5-203128-A-0.wav,5,0,dog,TRUE,203128,A
5-203128-B-0.wav,5,0,dog,TRUE,203128,B
5-208030-A-0.wav,5,0,dog,TRUE,208030,A
5-212454-A-0.wav,5,0,dog,TRUE,212454,A
5-213855-A-0.wav,5,0,dog,TRUE,213855,A
5-217158-A-0.wav,5,0,dog,TRUE,217158,A
5-231762-A-0.wav,5,0,dog,TRUE,231762,A
5-9032-A-0.wav,5,0,dog,TRUE,9032,A
1-51805-A-33.wav,1,33,door_wood_creaks,FALSE,51805,A
1-51805-B-33.wav,1,33,door_wood_creaks,FALSE,51805,B
1-51805-C-33.wav,1,33,door_wood_creaks,FALSE,51805,C
1-51805-D-33.wav,1,33,door_wood_creaks,FALSE,51805,D
1-51805-E-33.wav,1,33,door_wood_creaks,FALSE,51805,E
1-51805-F-33.wav,1,33,door_wood_creaks,FALSE,51805,F
1-51805-G-33.wav,1,33,door_wood_creaks,FALSE,51805,G
1-51805-H-33.wav,1,33,door_wood_creaks,FALSE,51805,H
2-123712-A-33.wav,2,33,door_wood_creaks,FALSE,123712,A
2-70344-A-33.wav,2,33,door_wood_creaks,FALSE,70344,A
2-70366-A-33.wav,2,33,door_wood_creaks,FALSE,70366,A
2-70367-A-33.wav,2,33,door_wood_creaks,FALSE,70367,A
2-7321-A-33.wav,2,33,door_wood_creaks,FALSE,7321,A
2-87780-A-33.wav,2,33,door_wood_creaks,FALSE,87780,A
2-91912-A-33.wav,2,33,door_wood_creaks,FALSE,91912,A
2-91912-B-33.wav,2,33,door_wood_creaks,FALSE,91912,B
3-101381-A-33.wav,3,33,door_wood_creaks,FALSE,101381,A
3-101381-B-33.wav,3,33,door_wood_creaks,FALSE,101381,B
3-103401-A-33.wav,3,33,door_wood_creaks,FALSE,103401,A
3-103401-B-33.wav,3,33,door_wood_creaks,FALSE,103401,B
3-103401-C-33.wav,3,33,door_wood_creaks,FALSE,103401,C
3-103401-D-33.wav,3,33,door_wood_creaks,FALSE,103401,D
3-118194-A-33.wav,3,33,door_wood_creaks,FALSE,118194,A
3-94355-A-33.wav,3,33,door_wood_creaks,FALSE,94355,A
4-107117-A-33.wav,4,33,door_wood_creaks,FALSE,107117,A
4-107120-A-33.wav,4,33,door_wood_creaks,FALSE,107120,A
4-107122-A-33.wav,4,33,door_wood_creaks,FALSE,107122,A
4-108352-A-33.wav,4,33,door_wood_creaks,FALSE,108352,A
4-128659-A-33.wav,4,33,door_wood_creaks,FALSE,128659,A
4-132839-A-33.wav,4,33,door_wood_creaks,FALSE,132839,A
4-160036-A-33.wav,4,33,door_wood_creaks,FALSE,160036,A
4-160036-B-33.wav,4,33,door_wood_creaks,FALSE,160036,B
5-161270-A-33.wav,5,33,door_wood_creaks,FALSE,161270,A
5-161270-B-33.wav,5,33,door_wood_creaks,FALSE,161270,B
5-173568-A-33.wav,5,33,door_wood_creaks,FALSE,173568,A
5-177779-A-33.wav,5,33,door_wood_creaks,FALSE,177779,A
5-181458-A-33.wav,5,33,door_wood_creaks,FALSE,181458,A
5-187444-A-33.wav,5,33,door_wood_creaks,FALSE,187444,A
5-188606-A-33.wav,5,33,door_wood_creaks,FALSE,188606,A
5-191497-A-33.wav,5,33,door_wood_creaks,FALSE,191497,A
1-101336-A-30.wav,1,30,door_wood_knock,FALSE,101336,A
1-103995-A-30.wav,1,30,door_wood_knock,FALSE,103995,A
1-103999-A-30.wav,1,30,door_wood_knock,FALSE,103999,A
1-26188-A-30.wav,1,30,door_wood_knock,FALSE,26188,A
1-52290-A-30.wav,1,30,door_wood_knock,FALSE,52290,A
1-81001-A-30.wav,1,30,door_wood_knock,FALSE,81001,A
1-81001-B-30.wav,1,30,door_wood_knock,FALSE,81001,B
1-82817-A-30.wav,1,30,door_wood_knock,FALSE,82817,A
2-114254-A-30.wav,2,30,door_wood_knock,FALSE,114254,A
2-118624-A-30.wav,2,30,door_wood_knock,FALSE,118624,A
2-118625-A-30.wav,2,30,door_wood_knock,FALSE,118625,A
2-120218-A-30.wav,2,30,door_wood_knock,FALSE,120218,A
2-120218-B-30.wav,2,30,door_wood_knock,FALSE,120218,B
2-133889-A-30.wav,2,30,door_wood_knock,FALSE,133889,A
2-134915-A-30.wav,2,30,door_wood_knock,FALSE,134915,A
2-140841-A-30.wav,2,30,door_wood_knock,FALSE,140841,A
3-144510-A-30.wav,3,30,door_wood_knock,FALSE,144510,A
3-151089-A-30.wav,3,30,door_wood_knock,FALSE,151089,A
3-152594-A-30.wav,3,30,door_wood_knock,FALSE,152594,A
3-154378-A-30.wav,3,30,door_wood_knock,FALSE,154378,A
3-170574-A-30.wav,3,30,door_wood_knock,FALSE,170574,A
3-180147-A-30.wav,3,30,door_wood_knock,FALSE,180147,A
3-182023-A-30.wav,3,30,door_wood_knock,FALSE,182023,A
3-182025-A-30.wav,3,30,door_wood_knock,FALSE,182025,A
4-182034-A-30.wav,4,30,door_wood_knock,FALSE,182034,A
4-182039-A-30.wav,4,30,door_wood_knock,FALSE,182039,A
4-182041-A-30.wav,4,30,door_wood_knock,FALSE,182041,A
4-186518-A-30.wav,4,30,door_wood_knock,FALSE,186518,A
4-187284-A-30.wav,4,30,door_wood_knock,FALSE,187284,A
4-188878-A-30.wav,4,30,door_wood_knock,FALSE,188878,A
4-211502-A-30.wav,4,30,door_wood_knock,FALSE,211502,A
4-261068-A-30.wav,4,30,door_wood_knock,FALSE,261068,A
5-218980-A-30.wav,5,30,door_wood_knock,FALSE,218980,A
5-218981-A-30.wav,5,30,door_wood_knock,FALSE,218981,A
5-235644-A-30.wav,5,30,door_wood_knock,FALSE,235644,A
5-250026-A-30.wav,5,30,door_wood_knock,FALSE,250026,A
5-250026-B-30.wav,5,30,door_wood_knock,FALSE,250026,B
5-251426-A-30.wav,5,30,door_wood_knock,FALSE,251426,A
5-251426-B-30.wav,5,30,door_wood_knock,FALSE,251426,B
5-256512-A-30.wav,5,30,door_wood_knock,FALSE,256512,A
1-17295-A-29.wav,1,29,drinking_sipping,FALSE,17295,A
1-32579-A-29.wav,1,29,drinking_sipping,FALSE,32579,A
1-37226-A-29.wav,1,29,drinking_sipping,FALSE,37226,A
1-56270-A-29.wav,1,29,drinking_sipping,FALSE,56270,A
1-67230-A-29.wav,1,29,drinking_sipping,FALSE,67230,A
1-79146-A-29.wav,1,29,drinking_sipping,FALSE,79146,A
1-85909-A-29.wav,1,29,drinking_sipping,FALSE,85909,A
1-87565-A-29.wav,1,29,drinking_sipping,FALSE,87565,A
2-102581-A-29.wav,2,29,drinking_sipping,FALSE,102581,A
2-102581-B-29.wav,2,29,drinking_sipping,FALSE,102581,B
2-121978-A-29.wav,2,29,drinking_sipping,FALSE,121978,A
2-122763-A-29.wav,2,29,drinking_sipping,FALSE,122763,A
2-122763-B-29.wav,2,29,drinking_sipping,FALSE,122763,B
2-126756-A-29.wav,2,29,drinking_sipping,FALSE,126756,A
2-92978-A-29.wav,2,29,drinking_sipping,FALSE,92978,A
2-94807-A-29.wav,2,29,drinking_sipping,FALSE,94807,A
3-133977-A-29.wav,3,29,drinking_sipping,FALSE,133977,A
3-140323-A-29.wav,3,29,drinking_sipping,FALSE,140323,A
3-144253-A-29.wav,3,29,drinking_sipping,FALSE,144253,A
3-144259-A-29.wav,3,29,drinking_sipping,FALSE,144259,A
3-145387-A-29.wav,3,29,drinking_sipping,FALSE,145387,A
3-169907-A-29.wav,3,29,drinking_sipping,FALSE,169907,A
3-174866-A-29.wav,3,29,drinking_sipping,FALSE,174866,A
3-185456-A-29.wav,3,29,drinking_sipping,FALSE,185456,A
4-188191-A-29.wav,4,29,drinking_sipping,FALSE,188191,A
4-188191-B-29.wav,4,29,drinking_sipping,FALSE,188191,B
4-188191-C-29.wav,4,29,drinking_sipping,FALSE,188191,C
4-188595-A-29.wav,4,29,drinking_sipping,FALSE,188595,A
4-194808-A-29.wav,4,29,drinking_sipping,FALSE,194808,A
4-204202-A-29.wav,4,29,drinking_sipping,FALSE,204202,A
4-210593-A-29.wav,4,29,drinking_sipping,FALSE,210593,A
4-213193-A-29.wav,4,29,drinking_sipping,FALSE,213193,A
5-204114-A-29.wav,5,29,drinking_sipping,FALSE,204114,A
5-207836-A-29.wav,5,29,drinking_sipping,FALSE,207836,A
5-207836-B-29.wav,5,29,drinking_sipping,FALSE,207836,B
5-207836-C-29.wav,5,29,drinking_sipping,FALSE,207836,C
5-207836-D-29.wav,5,29,drinking_sipping,FALSE,207836,D
5-243036-A-29.wav,5,29,drinking_sipping,FALSE,243036,A
5-243635-A-29.wav,5,29,drinking_sipping,FALSE,243635,A
5-259640-A-29.wav,5,29,drinking_sipping,FALSE,259640,A
1-18527-A-44.wav,1,44,engine,FALSE,18527,A
1-18527-B-44.wav,1,44,engine,FALSE,18527,B
1-22882-A-44.wav,1,44,engine,FALSE,22882,A
1-50454-A-44.wav,1,44,engine,FALSE,50454,A
1-50455-A-44.wav,1,44,engine,FALSE,50455,A
1-50661-A-44.wav,1,44,engine,FALSE,50661,A
1-61261-A-44.wav,1,44,engine,FALSE,61261,A
1-62565-A-44.wav,1,44,engine,FALSE,62565,A
2-106014-A-44.wav,2,44,engine,FALSE,106014,A
2-106015-A-44.wav,2,44,engine,FALSE,106015,A
2-106015-B-44.wav,2,44,engine,FALSE,106015,B
2-106486-A-44.wav,2,44,engine,FALSE,106486,A
2-106487-A-44.wav,2,44,engine,FALSE,106487,A
2-107228-A-44.wav,2,44,engine,FALSE,107228,A
2-107228-B-44.wav,2,44,engine,FALSE,107228,B
2-78651-A-44.wav,2,44,engine,FALSE,78651,A
3-115382-A-44.wav,3,44,engine,FALSE,115382,A
3-119455-A-44.wav,3,44,engine,FALSE,119455,A
3-128160-A-44.wav,3,44,engine,FALSE,128160,A
3-141240-A-44.wav,3,44,engine,FALSE,141240,A
3-141240-B-44.wav,3,44,engine,FALSE,141240,B
3-146186-A-44.wav,3,44,engine,FALSE,146186,A
3-154758-A-44.wav,3,44,engine,FALSE,154758,A
3-259622-A-44.wav,3,44,engine,FALSE,259622,A
4-171652-A-44.wav,4,44,engine,FALSE,171652,A
4-186935-A-44.wav,4,44,engine,FALSE,186935,A
4-186936-A-44.wav,4,44,engine,FALSE,186936,A
4-186938-A-44.wav,4,44,engine,FALSE,186938,A
4-186940-A-44.wav,4,44,engine,FALSE,186940,A
4-186962-A-44.wav,4,44,engine,FALSE,186962,A
4-195451-A-44.wav,4,44,engine,FALSE,195451,A
4-201988-A-44.wav,4,44,engine,FALSE,201988,A
5-209992-A-44.wav,5,44,engine,FALSE,209992,A
5-209992-B-44.wav,5,44,engine,FALSE,209992,B
5-232272-A-44.wav,5,44,engine,FALSE,232272,A
5-235507-A-44.wav,5,44,engine,FALSE,235507,A
5-240671-A-44.wav,5,44,engine,FALSE,240671,A
5-243773-A-44.wav,5,44,engine,FALSE,243773,A
5-243773-B-44.wav,5,44,engine,FALSE,243773,B
5-243783-A-44.wav,5,44,engine,FALSE,243783,A
1-115545-A-48.wav,1,48,fireworks,FALSE,115545,A
1-115545-B-48.wav,1,48,fireworks,FALSE,115545,B
1-115545-C-48.wav,1,48,fireworks,FALSE,115545,C
1-115546-A-48.wav,1,48,fireworks,FALSE,115546,A
1-160563-A-48.wav,1,48,fireworks,FALSE,160563,A
1-160563-B-48.wav,1,48,fireworks,FALSE,160563,B
1-25777-A-48.wav,1,48,fireworks,FALSE,25777,A
1-25781-A-48.wav,1,48,fireworks,FALSE,25781,A
2-117615-A-48.wav,2,48,fireworks,FALSE,117615,A
2-117615-B-48.wav,2,48,fireworks,FALSE,117615,B
2-117615-C-48.wav,2,48,fireworks,FALSE,117615,C
2-117615-D-48.wav,2,48,fireworks,FALSE,117615,D
2-117615-E-48.wav,2,48,fireworks,FALSE,117615,E
2-117616-A-48.wav,2,48,fireworks,FALSE,117616,A
2-117617-A-48.wav,2,48,fireworks,FALSE,117617,A
2-165801-A-48.wav,2,48,fireworks,FALSE,165801,A
3-119120-A-48.wav,3,48,fireworks,FALSE,119120,A
3-119120-B-48.wav,3,48,fireworks,FALSE,119120,B
3-119120-C-48.wav,3,48,fireworks,FALSE,119120,C
3-119120-D-48.wav,3,48,fireworks,FALSE,119120,D
3-119120-E-48.wav,3,48,fireworks,FALSE,119120,E
3-172881-A-48.wav,3,48,fireworks,FALSE,172881,A
3-172922-A-48.wav,3,48,fireworks,FALSE,172922,A
3-251617-A-48.wav,3,48,fireworks,FALSE,251617,A
4-119647-A-48.wav,4,48,fireworks,FALSE,119647,A
4-119647-B-48.wav,4,48,fireworks,FALSE,119647,B
4-119647-C-48.wav,4,48,fireworks,FALSE,119647,C
4-119647-D-48.wav,4,48,fireworks,FALSE,119647,D
4-119648-A-48.wav,4,48,fireworks,FALSE,119648,A
4-119648-B-48.wav,4,48,fireworks,FALSE,119648,B
4-119648-C-48.wav,4,48,fireworks,FALSE,119648,C
4-119648-D-48.wav,4,48,fireworks,FALSE,119648,D
5-160614-A-48.wav,5,48,fireworks,FALSE,160614,A
5-160614-B-48.wav,5,48,fireworks,FALSE,160614,B
5-160614-C-48.wav,5,48,fireworks,FALSE,160614,C
5-160614-D-48.wav,5,48,fireworks,FALSE,160614,D
5-160614-E-48.wav,5,48,fireworks,FALSE,160614,E
5-160614-F-48.wav,5,48,fireworks,FALSE,160614,F
5-160614-G-48.wav,5,48,fireworks,FALSE,160614,G
5-160614-H-48.wav,5,48,fireworks,FALSE,160614,H
1-155858-A-25.wav,1,25,footsteps,FALSE,155858,A
1-155858-B-25.wav,1,25,footsteps,FALSE,155858,B
1-155858-C-25.wav,1,25,footsteps,FALSE,155858,C
1-155858-D-25.wav,1,25,footsteps,FALSE,155858,D
1-155858-E-25.wav,1,25,footsteps,FALSE,155858,E
1-155858-F-25.wav,1,25,footsteps,FALSE,155858,F
1-223162-A-25.wav,1,25,footsteps,FALSE,223162,A
1-51147-A-25.wav,1,25,footsteps,FALSE,51147,A
2-209471-A-25.wav,2,25,footsteps,FALSE,209471,A
2-209472-A-25.wav,2,25,footsteps,FALSE,209472,A
2-209473-A-25.wav,2,25,footsteps,FALSE,209473,A
2-209474-A-25.wav,2,25,footsteps,FALSE,209474,A
2-209475-A-25.wav,2,25,footsteps,FALSE,209475,A
2-209476-A-25.wav,2,25,footsteps,FALSE,209476,A
2-209477-A-25.wav,2,25,footsteps,FALSE,209477,A
2-209478-A-25.wav,2,25,footsteps,FALSE,209478,A
3-103597-A-25.wav,3,25,footsteps,FALSE,103597,A
3-103598-A-25.wav,3,25,footsteps,FALSE,103598,A
3-103599-A-25.wav,3,25,footsteps,FALSE,103599,A
3-103599-B-25.wav,3,25,footsteps,FALSE,103599,B
3-249913-A-25.wav,3,25,footsteps,FALSE,249913,A
3-94342-A-25.wav,3,25,footsteps,FALSE,94342,A
3-94343-A-25.wav,3,25,footsteps,FALSE,94343,A
3-94344-A-25.wav,3,25,footsteps,FALSE,94344,A
4-117627-A-25.wav,4,25,footsteps,FALSE,117627,A
4-117630-A-25.wav,4,25,footsteps,FALSE,117630,A
4-194979-A-25.wav,4,25,footsteps,FALSE,194979,A
4-194981-A-25.wav,4,25,footsteps,FALSE,194981,A
4-198962-A-25.wav,4,25,footsteps,FALSE,198962,A
4-198962-B-25.wav,4,25,footsteps,FALSE,198962,B
4-218304-A-25.wav,4,25,footsteps,FALSE,218304,A
4-218304-B-25.wav,4,25,footsteps,FALSE,218304,B
5-234263-A-25.wav,5,25,footsteps,FALSE,234263,A
5-234855-A-25.wav,5,25,footsteps,FALSE,234855,A
5-243025-A-25.wav,5,25,footsteps,FALSE,243025,A
5-244310-A-25.wav,5,25,footsteps,FALSE,244310,A
5-263490-A-25.wav,5,25,footsteps,FALSE,263490,A
5-263491-A-25.wav,5,25,footsteps,FALSE,263491,A
5-263501-A-25.wav,5,25,footsteps,FALSE,263501,A
5-51149-A-25.wav,5,25,footsteps,FALSE,51149,A
1-15689-A-4.wav,1,4,frog,FALSE,15689,A
1-15689-B-4.wav,1,4,frog,FALSE,15689,B
1-17970-A-4.wav,1,4,frog,FALSE,17970,A
1-18755-A-4.wav,1,4,frog,FALSE,18755,A
1-18755-B-4.wav,1,4,frog,FALSE,18755,B
1-18757-A-4.wav,1,4,frog,FALSE,18757,A
1-31836-A-4.wav,1,4,frog,FALSE,31836,A
1-31836-B-4.wav,1,4,frog,FALSE,31836,B
2-32515-A-4.wav,2,4,frog,FALSE,32515,A
2-32515-B-4.wav,2,4,frog,FALSE,32515,B
2-32515-C-4.wav,2,4,frog,FALSE,32515,C
2-32515-D-4.wav,2,4,frog,FALSE,32515,D
2-32834-A-4.wav,2,4,frog,FALSE,32834,A
2-52085-A-4.wav,2,4,frog,FALSE,52085,A
2-52085-B-4.wav,2,4,frog,FALSE,52085,B
2-52789-A-4.wav,2,4,frog,FALSE,52789,A
3-102908-A-4.wav,3,4,frog,FALSE,102908,A
3-70962-A-4.wav,3,4,frog,FALSE,70962,A
3-70962-B-4.wav,3,4,frog,FALSE,70962,B
3-70962-C-4.wav,3,4,frog,FALSE,70962,C
3-71964-A-4.wav,3,4,frog,FALSE,71964,A
3-71964-B-4.wav,3,4,frog,FALSE,71964,B
3-71964-C-4.wav,3,4,frog,FALSE,71964,C
3-83527-A-4.wav,3,4,frog,FALSE,83527,A
4-130584-A-4.wav,4,4,frog,FALSE,130584,A
4-154793-A-4.wav,4,4,frog,FALSE,154793,A
4-99193-A-4.wav,4,4,frog,FALSE,99193,A
4-99193-B-4.wav,4,4,frog,FALSE,99193,B
4-99644-A-4.wav,4,4,frog,FALSE,99644,A
4-99644-B-4.wav,4,4,frog,FALSE,99644,B
4-99644-C-4.wav,4,4,frog,FALSE,99644,C
4-99644-D-4.wav,4,4,frog,FALSE,99644,D
5-156026-A-4.wav,5,4,frog,FALSE,156026,A
5-156026-B-4.wav,5,4,frog,FALSE,156026,B
5-156026-C-4.wav,5,4,frog,FALSE,156026,C
5-156026-D-4.wav,5,4,frog,FALSE,156026,D
5-187201-A-4.wav,5,4,frog,FALSE,187201,A
5-187201-B-4.wav,5,4,frog,FALSE,187201,B
5-189795-A-4.wav,5,4,frog,FALSE,189795,A
5-237499-A-4.wav,5,4,frog,FALSE,237499,A
1-20133-A-39.wav,1,39,glass_breaking,FALSE,20133,A
1-84536-A-39.wav,1,39,glass_breaking,FALSE,84536,A
1-84704-A-39.wav,1,39,glass_breaking,FALSE,84704,A
1-84705-A-39.wav,1,39,glass_breaking,FALSE,84705,A
1-85168-A-39.wav,1,39,glass_breaking,FALSE,85168,A
1-85184-A-39.wav,1,39,glass_breaking,FALSE,85184,A
1-88807-A-39.wav,1,39,glass_breaking,FALSE,88807,A
1-977-A-39.wav,1,39,glass_breaking,FALSE,977,A
2-106881-A-39.wav,2,39,glass_breaking,FALSE,106881,A
2-112213-A-39.wav,2,39,glass_breaking,FALSE,112213,A
2-112213-B-39.wav,2,39,glass_breaking,FALSE,112213,B
2-141563-A-39.wav,2,39,glass_breaking,FALSE,141563,A
2-173559-A-39.wav,2,39,glass_breaking,FALSE,173559,A
2-173607-A-39.wav,2,39,glass_breaking,FALSE,173607,A
2-173618-A-39.wav,2,39,glass_breaking,FALSE,173618,A
2-250710-A-39.wav,2,39,glass_breaking,FALSE,250710,A
3-203371-A-39.wav,3,39,glass_breaking,FALSE,203371,A
3-203373-A-39.wav,3,39,glass_breaking,FALSE,203373,A
3-203374-A-39.wav,3,39,glass_breaking,FALSE,203374,A
3-203375-A-39.wav,3,39,glass_breaking,FALSE,203375,A
3-203377-A-39.wav,3,39,glass_breaking,FALSE,203377,A
3-216280-A-39.wav,3,39,glass_breaking,FALSE,216280,A
3-216281-A-39.wav,3,39,glass_breaking,FALSE,216281,A
3-216284-A-39.wav,3,39,glass_breaking,FALSE,216284,A
4-204115-A-39.wav,4,39,glass_breaking,FALSE,204115,A
4-204119-A-39.wav,4,39,glass_breaking,FALSE,204119,A
4-204121-A-39.wav,4,39,glass_breaking,FALSE,204121,A
4-204123-A-39.wav,4,39,glass_breaking,FALSE,204123,A
4-204777-A-39.wav,4,39,glass_breaking,FALSE,204777,A
4-204777-B-39.wav,4,39,glass_breaking,FALSE,204777,B
4-204777-C-39.wav,4,39,glass_breaking,FALSE,204777,C
4-212698-A-39.wav,4,39,glass_breaking,FALSE,212698,A
5-221528-A-39.wav,5,39,glass_breaking,FALSE,221528,A
5-221529-A-39.wav,5,39,glass_breaking,FALSE,221529,A
5-233605-A-39.wav,5,39,glass_breaking,FALSE,233605,A
5-233607-A-39.wav,5,39,glass_breaking,FALSE,233607,A
5-257642-A-39.wav,5,39,glass_breaking,FALSE,257642,A
5-260432-A-39.wav,5,39,glass_breaking,FALSE,260432,A
5-260433-A-39.wav,5,39,glass_breaking,FALSE,260433,A
5-260434-A-39.wav,5,39,glass_breaking,FALSE,260434,A
1-18810-A-49.wav,1,49,hand_saw,FALSE,18810,A
1-23706-A-49.wav,1,49,hand_saw,FALSE,23706,A
1-46353-A-49.wav,1,49,hand_saw,FALSE,46353,A
1-7974-A-49.wav,1,49,hand_saw,FALSE,7974,A
1-7974-B-49.wav,1,49,hand_saw,FALSE,7974,B
1-9886-A-49.wav,1,49,hand_saw,FALSE,9886,A
1-9887-A-49.wav,1,49,hand_saw,FALSE,9887,A
1-9887-B-49.wav,1,49,hand_saw,FALSE,9887,B
2-135860-A-49.wav,2,49,hand_saw,FALSE,135860,A
2-184077-A-49.wav,2,49,hand_saw,FALSE,184077,A
2-51630-A-49.wav,2,49,hand_saw,FALSE,51630,A
2-51630-B-49.wav,2,49,hand_saw,FALSE,51630,B
2-59321-A-49.wav,2,49,hand_saw,FALSE,59321,A
2-60180-A-49.wav,2,49,hand_saw,FALSE,60180,A
2-60180-B-49.wav,2,49,hand_saw,FALSE,60180,B
2-84693-A-49.wav,2,49,hand_saw,FALSE,84693,A
3-102583-A-49.wav,3,49,hand_saw,FALSE,102583,A
3-102583-B-49.wav,3,49,hand_saw,FALSE,102583,B
3-102583-C-49.wav,3,49,hand_saw,FALSE,102583,C
3-208820-A-49.wav,3,49,hand_saw,FALSE,208820,A
3-96606-A-49.wav,3,49,hand_saw,FALSE,96606,A
3-96606-B-49.wav,3,49,hand_saw,FALSE,96606,B
3-97909-A-49.wav,3,49,hand_saw,FALSE,97909,A
3-97909-B-49.wav,3,49,hand_saw,FALSE,97909,B
4-102844-A-49.wav,4,49,hand_saw,FALSE,102844,A
4-102844-B-49.wav,4,49,hand_saw,FALSE,102844,B
4-102844-C-49.wav,4,49,hand_saw,FALSE,102844,C
4-198360-A-49.wav,4,49,hand_saw,FALSE,198360,A
4-198360-B-49.wav,4,49,hand_saw,FALSE,198360,B
4-198360-C-49.wav,4,49,hand_saw,FALSE,198360,C
4-251645-A-49.wav,4,49,hand_saw,FALSE,251645,A
4-251645-B-49.wav,4,49,hand_saw,FALSE,251645,B
5-250258-A-49.wav,5,49,hand_saw,FALSE,250258,A
5-253094-A-49.wav,5,49,hand_saw,FALSE,253094,A
5-253094-B-49.wav,5,49,hand_saw,FALSE,253094,B
5-253094-C-49.wav,5,49,hand_saw,FALSE,253094,C
5-253094-D-49.wav,5,49,hand_saw,FALSE,253094,D
5-253101-A-49.wav,5,49,hand_saw,FALSE,253101,A
5-253101-B-49.wav,5,49,hand_saw,FALSE,253101,B
5-253101-C-49.wav,5,49,hand_saw,FALSE,253101,C
1-172649-A-40.wav,1,40,helicopter,TRUE,172649,A
1-172649-B-40.wav,1,40,helicopter,TRUE,172649,B
1-172649-C-40.wav,1,40,helicopter,TRUE,172649,C
1-172649-D-40.wav,1,40,helicopter,TRUE,172649,D
1-172649-E-40.wav,1,40,helicopter,TRUE,172649,E
1-172649-F-40.wav,1,40,helicopter,TRUE,172649,F
1-181071-A-40.wav,1,40,helicopter,TRUE,181071,A
1-181071-B-40.wav,1,40,helicopter,TRUE,181071,B
2-188822-A-40.wav,2,40,helicopter,TRUE,188822,A
2-188822-B-40.wav,2,40,helicopter,TRUE,188822,B
2-188822-C-40.wav,2,40,helicopter,TRUE,188822,C
2-188822-D-40.wav,2,40,helicopter,TRUE,188822,D
2-37806-A-40.wav,2,40,helicopter,TRUE,37806,A
2-37806-B-40.wav,2,40,helicopter,TRUE,37806,B
2-37806-C-40.wav,2,40,helicopter,TRUE,37806,C
2-37806-D-40.wav,2,40,helicopter,TRUE,37806,D
3-150979-A-40.wav,3,40,helicopter,TRUE,150979,A
3-150979-B-40.wav,3,40,helicopter,TRUE,150979,B
3-150979-C-40.wav,3,40,helicopter,TRUE,150979,C
3-154926-A-40.wav,3,40,helicopter,TRUE,154926,A
3-154926-B-40.wav,3,40,helicopter,TRUE,154926,B
3-68630-A-40.wav,3,40,helicopter,TRUE,68630,A
3-68630-B-40.wav,3,40,helicopter,TRUE,68630,B
3-68630-C-40.wav,3,40,helicopter,TRUE,68630,C
4-125929-A-40.wav,4,40,helicopter,TRUE,125929,A
4-161579-A-40.wav,4,40,helicopter,TRUE,161579,A
4-161579-B-40.wav,4,40,helicopter,TRUE,161579,B
4-175000-A-40.wav,4,40,helicopter,TRUE,175000,A
4-175000-B-40.wav,4,40,helicopter,TRUE,175000,B
4-175000-C-40.wav,4,40,helicopter,TRUE,175000,C
4-193480-A-40.wav,4,40,helicopter,TRUE,193480,A
4-193480-B-40.wav,4,40,helicopter,TRUE,193480,B
5-177957-A-40.wav,5,40,helicopter,TRUE,177957,A
5-177957-B-40.wav,5,40,helicopter,TRUE,177957,B
5-177957-C-40.wav,5,40,helicopter,TRUE,177957,C
5-177957-D-40.wav,5,40,helicopter,TRUE,177957,D
5-177957-E-40.wav,5,40,helicopter,TRUE,177957,E
5-191131-A-40.wav,5,40,helicopter,TRUE,191131,A
5-205898-A-40.wav,5,40,helicopter,TRUE,205898,A
5-220955-A-40.wav,5,40,helicopter,TRUE,220955,A
1-18074-A-6.wav,1,6,hen,FALSE,18074,A
1-18074-B-6.wav,1,6,hen,FALSE,18074,B
1-31251-A-6.wav,1,6,hen,FALSE,31251,A
1-31251-B-6.wav,1,6,hen,FALSE,31251,B
1-5996-A-6.wav,1,6,hen,FALSE,5996,A
1-71030-A-6.wav,1,6,hen,FALSE,71030,A
1-72229-A-6.wav,1,6,hen,FALSE,72229,A
1-72229-B-6.wav,1,6,hen,FALSE,72229,B
2-120586-A-6.wav,2,6,hen,FALSE,120586,A
2-120587-A-6.wav,2,6,hen,FALSE,120587,A
2-127109-A-6.wav,2,6,hen,FALSE,127109,A
2-134049-A-6.wav,2,6,hen,FALSE,134049,A
2-157488-A-6.wav,2,6,hen,FALSE,157488,A
2-72268-A-6.wav,2,6,hen,FALSE,72268,A
2-75726-A-6.wav,2,6,hen,FALSE,75726,A
2-76868-A-6.wav,2,6,hen,FALSE,76868,A
3-164216-A-6.wav,3,6,hen,FALSE,164216,A
3-164216-B-6.wav,3,6,hen,FALSE,164216,B
3-164216-C-6.wav,3,6,hen,FALSE,164216,C
3-171281-A-6.wav,3,6,hen,FALSE,171281,A
3-178096-A-6.wav,3,6,hen,FALSE,178096,A
3-187549-A-6.wav,3,6,hen,FALSE,187549,A
3-187549-B-6.wav,3,6,hen,FALSE,187549,B
3-188390-A-6.wav,3,6,hen,FALSE,188390,A
4-197103-A-6.wav,4,6,hen,FALSE,197103,A
4-200330-A-6.wav,4,6,hen,FALSE,200330,A
4-200330-B-6.wav,4,6,hen,FALSE,200330,B
4-204830-A-6.wav,4,6,hen,FALSE,204830,A
4-232495-A-6.wav,4,6,hen,FALSE,232495,A
4-234879-A-6.wav,4,6,hen,FALSE,234879,A
4-244318-A-6.wav,4,6,hen,FALSE,244318,A
4-253649-A-6.wav,4,6,hen,FALSE,253649,A
5-244315-A-6.wav,5,6,hen,FALSE,244315,A
5-244315-B-6.wav,5,6,hen,FALSE,244315,B
5-244315-C-6.wav,5,6,hen,FALSE,244315,C
5-248341-A-6.wav,5,6,hen,FALSE,248341,A
5-248341-B-6.wav,5,6,hen,FALSE,248341,B
5-248341-C-6.wav,5,6,hen,FALSE,248341,C
5-263831-A-6.wav,5,6,hen,FALSE,263831,A
5-263831-B-6.wav,5,6,hen,FALSE,263831,B
1-17585-A-7.wav,1,7,insects,FALSE,17585,A
1-19501-A-7.wav,1,7,insects,FALSE,19501,A
1-46938-A-7.wav,1,7,insects,FALSE,46938,A
1-46938-B-7.wav,1,7,insects,FALSE,46938,B
1-73585-A-7.wav,1,7,insects,FALSE,73585,A
1-75189-A-7.wav,1,7,insects,FALSE,75189,A
1-7973-A-7.wav,1,7,insects,FALSE,7973,A
1-80785-A-7.wav,1,7,insects,FALSE,80785,A
2-160128-A-7.wav,2,7,insects,FALSE,160128,A
2-81970-A-7.wav,2,7,insects,FALSE,81970,A
2-81970-B-7.wav,2,7,insects,FALSE,81970,B
2-81970-C-7.wav,2,7,insects,FALSE,81970,C
2-82077-A-7.wav,2,7,insects,FALSE,82077,A
2-99955-A-7.wav,2,7,insects,FALSE,99955,A
2-99955-B-7.wav,2,7,insects,FALSE,99955,B
2-99955-C-7.wav,2,7,insects,FALSE,99955,C
3-104761-A-7.wav,3,7,insects,FALSE,104761,A
3-104761-B-7.wav,3,7,insects,FALSE,104761,B
3-105235-A-7.wav,3,7,insects,FALSE,105235,A
3-105236-A-7.wav,3,7,insects,FALSE,105236,A
3-110913-A-7.wav,3,7,insects,FALSE,110913,A
3-110913-B-7.wav,3,7,insects,FALSE,110913,B
3-110913-C-7.wav,3,7,insects,FALSE,110913,C
3-110913-D-7.wav,3,7,insects,FALSE,110913,D
4-130891-A-7.wav,4,7,insects,FALSE,130891,A
4-133895-A-7.wav,4,7,insects,FALSE,133895,A
4-143118-A-7.wav,4,7,insects,FALSE,143118,A
4-143118-B-7.wav,4,7,insects,FALSE,143118,B
4-182314-A-7.wav,4,7,insects,FALSE,182314,A
4-182314-B-7.wav,4,7,insects,FALSE,182314,B
4-191246-A-7.wav,4,7,insects,FALSE,191246,A
4-191246-B-7.wav,4,7,insects,FALSE,191246,B
5-194932-A-7.wav,5,7,insects,FALSE,194932,A
5-195517-A-7.wav,5,7,insects,FALSE,195517,A
5-195518-A-7.wav,5,7,insects,FALSE,195518,A
5-197446-A-7.wav,5,7,insects,FALSE,197446,A
5-198278-A-7.wav,5,7,insects,FALSE,198278,A
5-198278-B-7.wav,5,7,insects,FALSE,198278,B
5-198278-C-7.wav,5,7,insects,FALSE,198278,C
5-233787-A-7.wav,5,7,insects,FALSE,233787,A
1-137-A-32.wav,1,32,keyboard_typing,FALSE,137,A
1-53501-A-32.wav,1,32,keyboard_typing,FALSE,53501,A
1-61212-A-32.wav,1,32,keyboard_typing,FALSE,61212,A
1-62594-A-32.wav,1,32,keyboard_typing,FALSE,62594,A
1-79711-A-32.wav,1,32,keyboard_typing,FALSE,79711,A
1-84393-A-32.wav,1,32,keyboard_typing,FALSE,84393,A
1-94231-A-32.wav,1,32,keyboard_typing,FALSE,94231,A
1-94231-B-32.wav,1,32,keyboard_typing,FALSE,94231,B
2-104168-A-32.wav,2,32,keyboard_typing,FALSE,104168,A
2-109316-A-32.wav,2,32,keyboard_typing,FALSE,109316,A
2-118459-A-32.wav,2,32,keyboard_typing,FALSE,118459,A
2-118459-B-32.wav,2,32,keyboard_typing,FALSE,118459,B
2-118817-A-32.wav,2,32,keyboard_typing,FALSE,118817,A
2-120333-A-32.wav,2,32,keyboard_typing,FALSE,120333,A
2-99795-A-32.wav,2,32,keyboard_typing,FALSE,99795,A
2-99796-A-32.wav,2,32,keyboard_typing,FALSE,99796,A
3-125548-A-32.wav,3,32,keyboard_typing,FALSE,125548,A
3-132830-A-32.wav,3,32,keyboard_typing,FALSE,132830,A
3-144106-A-32.wav,3,32,keyboard_typing,FALSE,144106,A
3-144120-A-32.wav,3,32,keyboard_typing,FALSE,144120,A
3-153444-A-32.wav,3,32,keyboard_typing,FALSE,153444,A
3-154781-A-32.wav,3,32,keyboard_typing,FALSE,154781,A
3-155568-A-32.wav,3,32,keyboard_typing,FALSE,155568,A
3-155570-A-32.wav,3,32,keyboard_typing,FALSE,155570,A
4-158653-A-32.wav,4,32,keyboard_typing,FALSE,158653,A
4-167155-A-32.wav,4,32,keyboard_typing,FALSE,167155,A
4-172180-A-32.wav,4,32,keyboard_typing,FALSE,172180,A
4-172742-A-32.wav,4,32,keyboard_typing,FALSE,172742,A
4-177243-A-32.wav,4,32,keyboard_typing,FALSE,177243,A
4-181707-A-32.wav,4,32,keyboard_typing,FALSE,181707,A
4-181708-A-32.wav,4,32,keyboard_typing,FALSE,181708,A
4-185613-A-32.wav,4,32,keyboard_typing,FALSE,185613,A
5-205090-A-32.wav,5,32,keyboard_typing,FALSE,205090,A
5-215005-A-32.wav,5,32,keyboard_typing,FALSE,215005,A
5-216131-A-32.wav,5,32,keyboard_typing,FALSE,216131,A
5-222894-A-32.wav,5,32,keyboard_typing,FALSE,222894,A
5-223099-A-32.wav,5,32,keyboard_typing,FALSE,223099,A
5-223099-B-32.wav,5,32,keyboard_typing,FALSE,223099,B
5-234923-A-32.wav,5,32,keyboard_typing,FALSE,234923,A
5-244178-A-32.wav,5,32,keyboard_typing,FALSE,244178,A
1-1791-A-26.wav,1,26,laughing,FALSE,1791,A
1-30039-A-26.wav,1,26,laughing,FALSE,30039,A
1-30043-A-26.wav,1,26,laughing,FALSE,30043,A
1-33658-A-26.wav,1,26,laughing,FALSE,33658,A
1-36164-A-26.wav,1,26,laughing,FALSE,36164,A
1-36164-B-26.wav,1,26,laughing,FALSE,36164,B
1-72695-A-26.wav,1,26,laughing,FALSE,72695,A
1-73123-A-26.wav,1,26,laughing,FALSE,73123,A
2-109759-A-26.wav,2,26,laughing,FALSE,109759,A
2-109759-B-26.wav,2,26,laughing,FALSE,109759,B
2-60791-A-26.wav,2,26,laughing,FALSE,60791,A
2-60794-A-26.wav,2,26,laughing,FALSE,60794,A
2-60795-A-26.wav,2,26,laughing,FALSE,60795,A
2-62226-A-26.wav,2,26,laughing,FALSE,62226,A
2-79769-A-26.wav,2,26,laughing,FALSE,79769,A
2-79775-A-26.wav,2,26,laughing,FALSE,79775,A
3-107123-A-26.wav,3,26,laughing,FALSE,107123,A
3-110536-A-26.wav,3,26,laughing,FALSE,110536,A
3-118487-A-26.wav,3,26,laughing,FALSE,118487,A
3-119459-A-26.wav,3,26,laughing,FALSE,119459,A
3-126113-A-26.wav,3,26,laughing,FALSE,126113,A
3-132747-A-26.wav,3,26,laughing,FALSE,132747,A
3-152912-A-26.wav,3,26,laughing,FALSE,152912,A
3-152997-A-26.wav,3,26,laughing,FALSE,152997,A
4-132803-A-26.wav,4,26,laughing,FALSE,132803,A
4-132810-A-26.wav,4,26,laughing,FALSE,132810,A
4-132816-A-26.wav,4,26,laughing,FALSE,132816,A
4-133674-A-26.wav,4,26,laughing,FALSE,133674,A
4-155670-A-26.wav,4,26,laughing,FALSE,155670,A
4-164243-A-26.wav,4,26,laughing,FALSE,164243,A
4-167571-A-26.wav,4,26,laughing,FALSE,167571,A
4-181599-A-26.wav,4,26,laughing,FALSE,181599,A
5-171118-A-26.wav,5,26,laughing,FALSE,171118,A
5-242932-A-26.wav,5,26,laughing,FALSE,242932,A
5-242932-B-26.wav,5,26,laughing,FALSE,242932,B
5-244526-A-26.wav,5,26,laughing,FALSE,244526,A
5-253534-A-26.wav,5,26,laughing,FALSE,253534,A
5-259514-A-26.wav,5,26,laughing,FALSE,259514,A
5-263775-A-26.wav,5,26,laughing,FALSE,263775,A
5-263775-B-26.wav,5,26,laughing,FALSE,263775,B
1-118206-A-31.wav,1,31,mouse_click,FALSE,118206,A
1-18655-A-31.wav,1,31,mouse_click,FALSE,18655,A
1-45645-A-31.wav,1,31,mouse_click,FALSE,45645,A
1-81851-A-31.wav,1,31,mouse_click,FALSE,81851,A
1-85123-A-31.wav,1,31,mouse_click,FALSE,85123,A
1-95563-A-31.wav,1,31,mouse_click,FALSE,95563,A
1-97793-A-31.wav,1,31,mouse_click,FALSE,97793,A
1-99958-A-31.wav,1,31,mouse_click,FALSE,99958,A
2-119139-A-31.wav,2,31,mouse_click,FALSE,119139,A
2-138257-A-31.wav,2,31,mouse_click,FALSE,138257,A
2-146877-A-31.wav,2,31,mouse_click,FALSE,146877,A
2-146877-B-31.wav,2,31,mouse_click,FALSE,146877,B
2-152895-A-31.wav,2,31,mouse_click,FALSE,152895,A
2-152964-A-31.wav,2,31,mouse_click,FALSE,152964,A
2-153388-A-31.wav,2,31,mouse_click,FALSE,153388,A
2-154688-A-31.wav,2,31,mouse_click,FALSE,154688,A
3-155556-A-31.wav,3,31,mouse_click,FALSE,155556,A
3-158056-A-31.wav,3,31,mouse_click,FALSE,158056,A
3-158056-B-31.wav,3,31,mouse_click,FALSE,158056,B
3-167096-A-31.wav,3,31,mouse_click,FALSE,167096,A
3-170312-A-31.wav,3,31,mouse_click,FALSE,170312,A
3-170851-A-31.wav,3,31,mouse_click,FALSE,170851,A
3-172179-A-31.wav,3,31,mouse_click,FALSE,172179,A
3-185313-A-31.wav,3,31,mouse_click,FALSE,185313,A
4-192068-A-31.wav,4,31,mouse_click,FALSE,192068,A
4-195305-A-31.wav,4,31,mouse_click,FALSE,195305,A
4-201300-A-31.wav,4,31,mouse_click,FALSE,201300,A
4-201800-A-31.wav,4,31,mouse_click,FALSE,201800,A
4-202298-A-31.wav,4,31,mouse_click,FALSE,202298,A
4-204612-A-31.wav,4,31,mouse_click,FALSE,204612,A
4-204683-A-31.wav,4,31,mouse_click,FALSE,204683,A
4-210309-A-31.wav,4,31,mouse_click,FALSE,210309,A
5-219318-A-31.wav,5,31,mouse_click,FALSE,219318,A
5-223103-A-31.wav,5,31,mouse_click,FALSE,223103,A
5-223317-A-31.wav,5,31,mouse_click,FALSE,223317,A
5-232802-A-31.wav,5,31,mouse_click,FALSE,232802,A
5-233019-A-31.wav,5,31,mouse_click,FALSE,233019,A
5-237315-A-31.wav,5,31,mouse_click,FALSE,237315,A
5-238926-A-31.wav,5,31,mouse_click,FALSE,238926,A
5-244651-A-31.wav,5,31,mouse_click,FALSE,244651,A
1-208757-A-2.wav,1,2,pig,FALSE,208757,A
1-208757-B-2.wav,1,2,pig,FALSE,208757,B
1-208757-C-2.wav,1,2,pig,FALSE,208757,C
1-208757-D-2.wav,1,2,pig,FALSE,208757,D
1-208757-E-2.wav,1,2,pig,FALSE,208757,E
1-260640-A-2.wav,1,2,pig,FALSE,260640,A
1-260640-B-2.wav,1,2,pig,FALSE,260640,B
1-260640-C-2.wav,1,2,pig,FALSE,260640,C
2-158746-A-2.wav,2,2,pig,FALSE,158746,A
2-158746-B-2.wav,2,2,pig,FALSE,158746,B
2-158746-C-2.wav,2,2,pig,FALSE,158746,C
2-158746-D-2.wav,2,2,pig,FALSE,158746,D
2-166644-A-2.wav,2,2,pig,FALSE,166644,A
2-166644-B-2.wav,2,2,pig,FALSE,166644,B
2-166644-C-2.wav,2,2,pig,FALSE,166644,C
2-37870-A-2.wav,2,2,pig,FALSE,37870,A
3-233151-A-2.wav,3,2,pig,FALSE,233151,A
3-253081-A-2.wav,3,2,pig,FALSE,253081,A
3-253084-A-2.wav,3,2,pig,FALSE,253084,A
3-253084-B-2.wav,3,2,pig,FALSE,253084,B
3-253084-C-2.wav,3,2,pig,FALSE,253084,C
3-253084-D-2.wav,3,2,pig,FALSE,253084,D
3-253084-E-2.wav,3,2,pig,FALSE,253084,E
3-257858-A-2.wav,3,2,pig,FALSE,257858,A
4-132383-A-2.wav,4,2,pig,FALSE,132383,A
4-132383-B-2.wav,4,2,pig,FALSE,132383,B
4-147240-A-2.wav,4,2,pig,FALSE,147240,A
4-147240-B-2.wav,4,2,pig,FALSE,147240,B
4-234644-A-2.wav,4,2,pig,FALSE,234644,A
4-250869-A-2.wav,4,2,pig,FALSE,250869,A
4-250869-B-2.wav,4,2,pig,FALSE,250869,B
4-250869-C-2.wav,4,2,pig,FALSE,250869,C
5-103415-A-2.wav,5,2,pig,FALSE,103415,A
5-103416-A-2.wav,5,2,pig,FALSE,103416,A
5-103418-A-2.wav,5,2,pig,FALSE,103418,A
5-103420-A-2.wav,5,2,pig,FALSE,103420,A
5-103421-A-2.wav,5,2,pig,FALSE,103421,A
5-103422-A-2.wav,5,2,pig,FALSE,103422,A
5-117250-A-2.wav,5,2,pig,FALSE,117250,A
5-127990-A-2.wav,5,2,pig,FALSE,127990,A
1-118559-A-17.wav,1,17,pouring_water,FALSE,118559,A
1-50625-A-17.wav,1,17,pouring_water,FALSE,50625,A
1-50688-A-17.wav,1,17,pouring_water,FALSE,50688,A
1-51433-A-17.wav,1,17,pouring_water,FALSE,51433,A
1-51436-A-17.wav,1,17,pouring_water,FALSE,51436,A
1-61221-A-17.wav,1,17,pouring_water,FALSE,61221,A
1-67152-A-17.wav,1,17,pouring_water,FALSE,67152,A
1-79220-A-17.wav,1,17,pouring_water,FALSE,79220,A
2-102414-A-17.wav,2,17,pouring_water,FALSE,102414,A
2-102414-B-17.wav,2,17,pouring_water,FALSE,102414,B
2-102414-C-17.wav,2,17,pouring_water,FALSE,102414,C
2-102414-D-17.wav,2,17,pouring_water,FALSE,102414,D
2-102414-E-17.wav,2,17,pouring_water,FALSE,102414,E
2-102414-F-17.wav,2,17,pouring_water,FALSE,102414,F
2-102414-G-17.wav,2,17,pouring_water,FALSE,102414,G
2-126433-A-17.wav,2,17,pouring_water,FALSE,126433,A
3-108451-A-17.wav,3,17,pouring_water,FALSE,108451,A
3-108451-B-17.wav,3,17,pouring_water,FALSE,108451,B
3-127874-A-17.wav,3,17,pouring_water,FALSE,127874,A
3-142349-A-17.wav,3,17,pouring_water,FALSE,142349,A
3-145719-A-17.wav,3,17,pouring_water,FALSE,145719,A
3-149448-A-17.wav,3,17,pouring_water,FALSE,149448,A
3-154439-A-17.wav,3,17,pouring_water,FALSE,154439,A
3-161500-A-17.wav,3,17,pouring_water,FALSE,161500,A
4-168868-A-17.wav,4,17,pouring_water,FALSE,168868,A
4-172377-A-17.wav,4,17,pouring_water,FALSE,172377,A
4-180453-A-17.wav,4,17,pouring_water,FALSE,180453,A
4-181628-A-17.wav,4,17,pouring_water,FALSE,181628,A
4-182839-A-17.wav,4,17,pouring_water,FALSE,182839,A
4-186693-A-17.wav,4,17,pouring_water,FALSE,186693,A
4-187504-A-17.wav,4,17,pouring_water,FALSE,187504,A
4-187504-B-17.wav,4,17,pouring_water,FALSE,187504,B
5-205589-A-17.wav,5,17,pouring_water,FALSE,205589,A
5-205589-B-17.wav,5,17,pouring_water,FALSE,205589,B
5-207781-A-17.wav,5,17,pouring_water,FALSE,207781,A
5-212730-A-17.wav,5,17,pouring_water,FALSE,212730,A
5-212734-A-17.wav,5,17,pouring_water,FALSE,212734,A
5-212736-A-17.wav,5,17,pouring_water,FALSE,212736,A
5-214362-A-17.wav,5,17,pouring_water,FALSE,214362,A
5-215634-A-17.wav,5,17,pouring_water,FALSE,215634,A
1-17367-A-10.wav,1,10,rain,TRUE,17367,A
1-21189-A-10.wav,1,10,rain,TRUE,21189,A
1-26222-A-10.wav,1,10,rain,TRUE,26222,A
1-29561-A-10.wav,1,10,rain,TRUE,29561,A
1-50060-A-10.wav,1,10,rain,TRUE,50060,A
1-54958-A-10.wav,1,10,rain,TRUE,54958,A
1-56311-A-10.wav,1,10,rain,TRUE,56311,A
1-63871-A-10.wav,1,10,rain,TRUE,63871,A
2-101676-A-10.wav,2,10,rain,TRUE,101676,A
2-117625-A-10.wav,2,10,rain,TRUE,117625,A
2-72970-A-10.wav,2,10,rain,TRUE,72970,A
2-73027-A-10.wav,2,10,rain,TRUE,73027,A
2-73260-A-10.wav,2,10,rain,TRUE,73260,A
2-81731-A-10.wav,2,10,rain,TRUE,81731,A
2-82367-A-10.wav,2,10,rain,TRUE,82367,A
2-87781-A-10.wav,2,10,rain,TRUE,87781,A
3-132852-A-10.wav,3,10,rain,TRUE,132852,A
3-140774-A-10.wav,3,10,rain,TRUE,140774,A
3-142005-A-10.wav,3,10,rain,TRUE,142005,A
3-142006-A-10.wav,3,10,rain,TRUE,142006,A
3-143929-A-10.wav,3,10,rain,TRUE,143929,A
3-157149-A-10.wav,3,10,rain,TRUE,157149,A
3-157487-A-10.wav,3,10,rain,TRUE,157487,A
3-157615-A-10.wav,3,10,rain,TRUE,157615,A
4-160999-A-10.wav,4,10,rain,TRUE,160999,A
4-161127-A-10.wav,4,10,rain,TRUE,161127,A
4-163264-A-10.wav,4,10,rain,TRUE,163264,A
4-164206-A-10.wav,4,10,rain,TRUE,164206,A
4-166661-A-10.wav,4,10,rain,TRUE,166661,A
4-177250-A-10.wav,4,10,rain,TRUE,177250,A
4-180380-A-10.wav,4,10,rain,TRUE,180380,A
4-181286-A-10.wav,4,10,rain,TRUE,181286,A
5-181766-A-10.wav,5,10,rain,TRUE,181766,A
5-188655-A-10.wav,5,10,rain,TRUE,188655,A
5-193339-A-10.wav,5,10,rain,TRUE,193339,A
5-194892-A-10.wav,5,10,rain,TRUE,194892,A
5-195710-A-10.wav,5,10,rain,TRUE,195710,A
5-198321-A-10.wav,5,10,rain,TRUE,198321,A
5-202898-A-10.wav,5,10,rain,TRUE,202898,A
5-203739-A-10.wav,5,10,rain,TRUE,203739,A
1-26806-A-1.wav,1,1,rooster,TRUE,26806,A
1-27724-A-1.wav,1,1,rooster,TRUE,27724,A
1-34119-A-1.wav,1,1,rooster,TRUE,34119,A
1-34119-B-1.wav,1,1,rooster,TRUE,34119,B
1-39923-A-1.wav,1,1,rooster,TRUE,39923,A
1-40730-A-1.wav,1,1,rooster,TRUE,40730,A
1-43382-A-1.wav,1,1,rooster,TRUE,43382,A
1-44831-A-1.wav,1,1,rooster,TRUE,44831,A
2-100786-A-1.wav,2,1,rooster,TRUE,100786,A
2-65750-A-1.wav,2,1,rooster,TRUE,65750,A
2-71162-A-1.wav,2,1,rooster,TRUE,71162,A
2-81270-A-1.wav,2,1,rooster,TRUE,81270,A
2-95035-A-1.wav,2,1,rooster,TRUE,95035,A
2-95258-A-1.wav,2,1,rooster,TRUE,95258,A
2-95258-B-1.wav,2,1,rooster,TRUE,95258,B
2-96460-A-1.wav,2,1,rooster,TRUE,96460,A
3-107219-A-1.wav,3,1,rooster,TRUE,107219,A
3-116135-A-1.wav,3,1,rooster,TRUE,116135,A
3-134049-A-1.wav,3,1,rooster,TRUE,134049,A
3-137152-A-1.wav,3,1,rooster,TRUE,137152,A
3-145382-A-1.wav,3,1,rooster,TRUE,145382,A
3-149189-A-1.wav,3,1,rooster,TRUE,149189,A
3-154957-A-1.wav,3,1,rooster,TRUE,154957,A
3-163288-A-1.wav,3,1,rooster,TRUE,163288,A
4-164021-A-1.wav,4,1,rooster,TRUE,164021,A
4-164064-A-1.wav,4,1,rooster,TRUE,164064,A
4-164064-B-1.wav,4,1,rooster,TRUE,164064,B
4-164064-C-1.wav,4,1,rooster,TRUE,164064,C
4-164859-A-1.wav,4,1,rooster,TRUE,164859,A
4-170078-A-1.wav,4,1,rooster,TRUE,170078,A
4-183487-A-1.wav,4,1,rooster,TRUE,183487,A
4-208021-A-1.wav,4,1,rooster,TRUE,208021,A
5-194930-A-1.wav,5,1,rooster,TRUE,194930,A
5-194930-B-1.wav,5,1,rooster,TRUE,194930,B
5-200334-A-1.wav,5,1,rooster,TRUE,200334,A
5-200334-B-1.wav,5,1,rooster,TRUE,200334,B
5-200339-A-1.wav,5,1,rooster,TRUE,200339,A
5-233160-A-1.wav,5,1,rooster,TRUE,233160,A
5-234879-A-1.wav,5,1,rooster,TRUE,234879,A
5-234879-B-1.wav,5,1,rooster,TRUE,234879,B
1-28135-A-11.wav,1,11,sea_waves,TRUE,28135,A
1-28135-B-11.wav,1,11,sea_waves,TRUE,28135,B
1-39901-A-11.wav,1,11,sea_waves,TRUE,39901,A
1-39901-B-11.wav,1,11,sea_waves,TRUE,39901,B
1-43760-A-11.wav,1,11,sea_waves,TRUE,43760,A
1-61252-A-11.wav,1,11,sea_waves,TRUE,61252,A
1-91359-A-11.wav,1,11,sea_waves,TRUE,91359,A
1-91359-B-11.wav,1,11,sea_waves,TRUE,91359,B
2-102852-A-11.wav,2,11,sea_waves,TRUE,102852,A
2-124662-A-11.wav,2,11,sea_waves,TRUE,124662,A
2-125966-A-11.wav,2,11,sea_waves,TRUE,125966,A
2-132157-A-11.wav,2,11,sea_waves,TRUE,132157,A
2-132157-B-11.wav,2,11,sea_waves,TRUE,132157,B
2-133863-A-11.wav,2,11,sea_waves,TRUE,133863,A
2-137162-A-11.wav,2,11,sea_waves,TRUE,137162,A
2-155801-A-11.wav,2,11,sea_waves,TRUE,155801,A
3-144827-A-11.wav,3,11,sea_waves,TRUE,144827,A
3-144827-B-11.wav,3,11,sea_waves,TRUE,144827,B
3-155642-A-11.wav,3,11,sea_waves,TRUE,155642,A
3-155642-B-11.wav,3,11,sea_waves,TRUE,155642,B
3-164120-A-11.wav,3,11,sea_waves,TRUE,164120,A
3-164630-A-11.wav,3,11,sea_waves,TRUE,164630,A
3-166422-A-11.wav,3,11,sea_waves,TRUE,166422,A
3-187710-A-11.wav,3,11,sea_waves,TRUE,187710,A
4-167063-A-11.wav,4,11,sea_waves,TRUE,167063,A
4-167063-B-11.wav,4,11,sea_waves,TRUE,167063,B
4-167063-C-11.wav,4,11,sea_waves,TRUE,167063,C
4-182613-A-11.wav,4,11,sea_waves,TRUE,182613,A
4-182613-B-11.wav,4,11,sea_waves,TRUE,182613,B
4-195497-A-11.wav,4,11,sea_waves,TRUE,195497,A
4-195497-B-11.wav,4,11,sea_waves,TRUE,195497,B
4-204618-A-11.wav,4,11,sea_waves,TRUE,204618,A
5-200461-A-11.wav,5,11,sea_waves,TRUE,200461,A
5-200461-B-11.wav,5,11,sea_waves,TRUE,200461,B
5-208810-A-11.wav,5,11,sea_waves,TRUE,208810,A
5-208810-B-11.wav,5,11,sea_waves,TRUE,208810,B
5-213077-A-11.wav,5,11,sea_waves,TRUE,213077,A
5-219379-A-11.wav,5,11,sea_waves,TRUE,219379,A
5-219379-B-11.wav,5,11,sea_waves,TRUE,219379,B
5-219379-C-11.wav,5,11,sea_waves,TRUE,219379,C
1-121951-A-8.wav,1,8,sheep,FALSE,121951,A
1-196660-A-8.wav,1,8,sheep,FALSE,196660,A
1-196660-B-8.wav,1,8,sheep,FALSE,196660,B
1-49409-A-8.wav,1,8,sheep,FALSE,49409,A
1-49409-B-8.wav,1,8,sheep,FALSE,49409,B
1-57795-A-8.wav,1,8,sheep,FALSE,57795,A
1-75190-A-8.wav,1,8,sheep,FALSE,75190,A
1-88574-A-8.wav,1,8,sheep,FALSE,88574,A
2-110614-A-8.wav,2,8,sheep,FALSE,110614,A
2-110614-B-8.wav,2,8,sheep,FALSE,110614,B
2-119161-A-8.wav,2,8,sheep,FALSE,119161,A
2-119161-B-8.wav,2,8,sheep,FALSE,119161,B
2-119161-C-8.wav,2,8,sheep,FALSE,119161,C
2-182508-A-8.wav,2,8,sheep,FALSE,182508,A
2-182508-B-8.wav,2,8,sheep,FALSE,182508,B
2-196688-A-8.wav,2,8,sheep,FALSE,196688,A
3-140199-A-8.wav,3,8,sheep,FALSE,140199,A
3-140199-B-8.wav,3,8,sheep,FALSE,140199,B
3-140199-C-8.wav,3,8,sheep,FALSE,140199,C
3-140199-D-8.wav,3,8,sheep,FALSE,140199,D
3-197408-A-8.wav,3,8,sheep,FALSE,197408,A
3-197408-B-8.wav,3,8,sheep,FALSE,197408,B
3-197408-C-8.wav,3,8,sheep,FALSE,197408,C
3-20861-A-8.wav,3,8,sheep,FALSE,20861,A
4-188703-A-8.wav,4,8,sheep,FALSE,188703,A
4-188703-B-8.wav,4,8,sheep,FALSE,188703,B
4-188703-C-8.wav,4,8,sheep,FALSE,188703,C
4-188703-D-8.wav,4,8,sheep,FALSE,188703,D
4-196671-A-8.wav,4,8,sheep,FALSE,196671,A
4-196671-B-8.wav,4,8,sheep,FALSE,196671,B
4-196672-A-8.wav,4,8,sheep,FALSE,196672,A
4-250864-A-8.wav,4,8,sheep,FALSE,250864,A
5-198891-A-8.wav,5,8,sheep,FALSE,198891,A
5-198891-B-8.wav,5,8,sheep,FALSE,198891,B
5-198891-C-8.wav,5,8,sheep,FALSE,198891,C
5-198891-D-8.wav,5,8,sheep,FALSE,198891,D
5-200329-A-8.wav,5,8,sheep,FALSE,200329,A
5-200329-B-8.wav,5,8,sheep,FALSE,200329,B
5-200329-C-8.wav,5,8,sheep,FALSE,200329,C
5-61635-A-8.wav,5,8,sheep,FALSE,61635,A
1-31482-A-42.wav,1,42,siren,FALSE,31482,A
1-31482-B-42.wav,1,42,siren,FALSE,31482,B
1-54084-A-42.wav,1,42,siren,FALSE,54084,A
1-76831-A-42.wav,1,42,siren,FALSE,76831,A
1-76831-B-42.wav,1,42,siren,FALSE,76831,B
1-76831-C-42.wav,1,42,siren,FALSE,76831,C
1-76831-D-42.wav,1,42,siren,FALSE,76831,D
1-76831-E-42.wav,1,42,siren,FALSE,76831,E
2-43802-A-42.wav,2,42,siren,FALSE,43802,A
2-43806-A-42.wav,2,42,siren,FALSE,43806,A
2-70052-A-42.wav,2,42,siren,FALSE,70052,A
2-70052-B-42.wav,2,42,siren,FALSE,70052,B
2-70936-A-42.wav,2,42,siren,FALSE,70936,A
2-70938-A-42.wav,2,42,siren,FALSE,70938,A
2-70939-A-42.wav,2,42,siren,FALSE,70939,A
2-72688-A-42.wav,2,42,siren,FALSE,72688,A
3-51376-A-42.wav,3,42,siren,FALSE,51376,A
3-51731-A-42.wav,3,42,siren,FALSE,51731,A
3-51731-B-42.wav,3,42,siren,FALSE,51731,B
3-51909-A-42.wav,3,42,siren,FALSE,51909,A
3-51909-B-42.wav,3,42,siren,FALSE,51909,B
3-58772-A-42.wav,3,42,siren,FALSE,58772,A
3-62878-A-42.wav,3,42,siren,FALSE,62878,A
3-62878-B-42.wav,3,42,siren,FALSE,62878,B
4-102871-A-42.wav,4,42,siren,FALSE,102871,A
4-111671-A-42.wav,4,42,siren,FALSE,111671,A
4-111671-B-42.wav,4,42,siren,FALSE,111671,B
4-121532-A-42.wav,4,42,siren,FALSE,121532,A
4-67358-A-42.wav,4,42,siren,FALSE,67358,A
4-80761-A-42.wav,4,42,siren,FALSE,80761,A
4-90014-A-42.wav,4,42,siren,FALSE,90014,A
4-90014-B-42.wav,4,42,siren,FALSE,90014,B
5-117118-A-42.wav,5,42,siren,FALSE,117118,A
5-117120-A-42.wav,5,42,siren,FALSE,117120,A
5-117122-A-42.wav,5,42,siren,FALSE,117122,A
5-133989-A-42.wav,5,42,siren,FALSE,133989,A
5-133989-B-42.wav,5,42,siren,FALSE,133989,B
5-150409-A-42.wav,5,42,siren,FALSE,150409,A
5-160551-A-42.wav,5,42,siren,FALSE,160551,A
5-184323-A-42.wav,5,42,siren,FALSE,184323,A
1-26143-A-21.wav,1,21,sneezing,TRUE,26143,A
1-29680-A-21.wav,1,21,sneezing,TRUE,29680,A
1-31748-A-21.wav,1,21,sneezing,TRUE,31748,A
1-47273-A-21.wav,1,21,sneezing,TRUE,47273,A
1-47274-A-21.wav,1,21,sneezing,TRUE,47274,A
1-54505-A-21.wav,1,21,sneezing,TRUE,54505,A
1-59324-A-21.wav,1,21,sneezing,TRUE,59324,A
1-81883-A-21.wav,1,21,sneezing,TRUE,81883,A
2-109505-A-21.wav,2,21,sneezing,TRUE,109505,A
2-118104-A-21.wav,2,21,sneezing,TRUE,118104,A
2-119102-A-21.wav,2,21,sneezing,TRUE,119102,A
2-128631-A-21.wav,2,21,sneezing,TRUE,128631,A
2-130978-A-21.wav,2,21,sneezing,TRUE,130978,A
2-130979-A-21.wav,2,21,sneezing,TRUE,130979,A
2-82538-A-21.wav,2,21,sneezing,TRUE,82538,A
2-93030-A-21.wav,2,21,sneezing,TRUE,93030,A
3-141684-A-21.wav,3,21,sneezing,TRUE,141684,A
3-142601-A-21.wav,3,21,sneezing,TRUE,142601,A
3-142605-A-21.wav,3,21,sneezing,TRUE,142605,A
3-143119-A-21.wav,3,21,sneezing,TRUE,143119,A
3-144692-A-21.wav,3,21,sneezing,TRUE,144692,A
3-148330-A-21.wav,3,21,sneezing,TRUE,148330,A
3-150231-A-21.wav,3,21,sneezing,TRUE,150231,A
3-156558-A-21.wav,3,21,sneezing,TRUE,156558,A
4-156843-A-21.wav,4,21,sneezing,TRUE,156843,A
4-156844-A-21.wav,4,21,sneezing,TRUE,156844,A
4-157297-A-21.wav,4,21,sneezing,TRUE,157297,A
4-167642-A-21.wav,4,21,sneezing,TRUE,167642,A
4-171519-A-21.wav,4,21,sneezing,TRUE,171519,A
4-184434-A-21.wav,4,21,sneezing,TRUE,184434,A
4-185415-A-21.wav,4,21,sneezing,TRUE,185415,A
4-185619-A-21.wav,4,21,sneezing,TRUE,185619,A
5-187979-A-21.wav,5,21,sneezing,TRUE,187979,A
5-194533-A-21.wav,5,21,sneezing,TRUE,194533,A
5-201274-A-21.wav,5,21,sneezing,TRUE,201274,A
5-202220-A-21.wav,5,21,sneezing,TRUE,202220,A
5-220026-A-21.wav,5,21,sneezing,TRUE,220026,A
5-220027-A-21.wav,5,21,sneezing,TRUE,220027,A
5-221518-A-21.wav,5,21,sneezing,TRUE,221518,A
5-221593-A-21.wav,5,21,sneezing,TRUE,221593,A
1-20545-A-28.wav,1,28,snoring,FALSE,20545,A
1-27403-A-28.wav,1,28,snoring,FALSE,27403,A
1-27405-A-28.wav,1,28,snoring,FALSE,27405,A
1-39937-A-28.wav,1,28,snoring,FALSE,39937,A
1-40621-A-28.wav,1,28,snoring,FALSE,40621,A
1-40967-A-28.wav,1,28,snoring,FALSE,40967,A
1-47923-A-28.wav,1,28,snoring,FALSE,47923,A
1-53444-A-28.wav,1,28,snoring,FALSE,53444,A
2-110417-A-28.wav,2,28,snoring,FALSE,110417,A
2-110417-B-28.wav,2,28,snoring,FALSE,110417,B
2-114609-A-28.wav,2,28,snoring,FALSE,114609,A
2-114609-B-28.wav,2,28,snoring,FALSE,114609,B
2-117330-A-28.wav,2,28,snoring,FALSE,117330,A
2-52001-A-28.wav,2,28,snoring,FALSE,52001,A
2-52001-B-28.wav,2,28,snoring,FALSE,52001,B
2-80313-A-28.wav,2,28,snoring,FALSE,80313,A
3-123086-A-28.wav,3,28,snoring,FALSE,123086,A
3-124795-A-28.wav,3,28,snoring,FALSE,124795,A
3-124958-A-28.wav,3,28,snoring,FALSE,124958,A
3-130998-A-28.wav,3,28,snoring,FALSE,130998,A
3-130998-B-28.wav,3,28,snoring,FALSE,130998,B
3-151255-A-28.wav,3,28,snoring,FALSE,151255,A
3-151557-A-28.wav,3,28,snoring,FALSE,151557,A
3-151557-B-28.wav,3,28,snoring,FALSE,151557,B
4-180337-A-28.wav,4,28,snoring,FALSE,180337,A
4-183882-A-28.wav,4,28,snoring,FALSE,183882,A
4-183882-B-28.wav,4,28,snoring,FALSE,183882,B
4-184235-A-28.wav,4,28,snoring,FALSE,184235,A
4-184237-A-28.wav,4,28,snoring,FALSE,184237,A
4-191297-A-28.wav,4,28,snoring,FALSE,191297,A
4-197454-A-28.wav,4,28,snoring,FALSE,197454,A
4-197454-B-28.wav,4,28,snoring,FALSE,197454,B
5-216368-A-28.wav,5,28,snoring,FALSE,216368,A
5-233312-A-28.wav,5,28,snoring,FALSE,233312,A
5-234145-A-28.wav,5,28,snoring,FALSE,234145,A
5-235874-A-28.wav,5,28,snoring,FALSE,235874,A
5-235893-A-28.wav,5,28,snoring,FALSE,235893,A
5-236288-A-28.wav,5,28,snoring,FALSE,236288,A
5-244459-A-28.wav,5,28,snoring,FALSE,244459,A
5-249748-A-28.wav,5,28,snoring,FALSE,249748,A
1-101296-A-19.wav,1,19,thunderstorm,FALSE,101296,A
1-101296-B-19.wav,1,19,thunderstorm,FALSE,101296,B
1-115521-A-19.wav,1,19,thunderstorm,FALSE,115521,A
1-23222-A-19.wav,1,19,thunderstorm,FALSE,23222,A
1-23222-B-19.wav,1,19,thunderstorm,FALSE,23222,B
1-24524-A-19.wav,1,19,thunderstorm,FALSE,24524,A
1-24524-B-19.wav,1,19,thunderstorm,FALSE,24524,B
1-24524-C-19.wav,1,19,thunderstorm,FALSE,24524,C
2-104105-A-19.wav,2,19,thunderstorm,FALSE,104105,A
2-104105-B-19.wav,2,19,thunderstorm,FALSE,104105,B
2-39441-A-19.wav,2,19,thunderstorm,FALSE,39441,A
2-39443-A-19.wav,2,19,thunderstorm,FALSE,39443,A
2-39443-B-19.wav,2,19,thunderstorm,FALSE,39443,B
2-39945-A-19.wav,2,19,thunderstorm,FALSE,39945,A
2-39945-B-19.wav,2,19,thunderstorm,FALSE,39945,B
2-39945-C-19.wav,2,19,thunderstorm,FALSE,39945,C
3-103050-A-19.wav,3,19,thunderstorm,FALSE,103050,A
3-103051-A-19.wav,3,19,thunderstorm,FALSE,103051,A
3-103051-B-19.wav,3,19,thunderstorm,FALSE,103051,B
3-103051-C-19.wav,3,19,thunderstorm,FALSE,103051,C
3-123224-A-19.wav,3,19,thunderstorm,FALSE,123224,A
3-124600-A-19.wav,3,19,thunderstorm,FALSE,124600,A
3-144891-A-19.wav,3,19,thunderstorm,FALSE,144891,A
3-144891-B-19.wav,3,19,thunderstorm,FALSE,144891,B
4-125070-A-19.wav,4,19,thunderstorm,FALSE,125070,A
4-125071-A-19.wav,4,19,thunderstorm,FALSE,125071,A
4-125072-A-19.wav,4,19,thunderstorm,FALSE,125072,A
4-125072-B-19.wav,4,19,thunderstorm,FALSE,125072,B
4-156993-A-19.wav,4,19,thunderstorm,FALSE,156993,A
4-161519-A-19.wav,4,19,thunderstorm,FALSE,161519,A
4-165813-A-19.wav,4,19,thunderstorm,FALSE,165813,A
4-165813-B-19.wav,4,19,thunderstorm,FALSE,165813,B
5-156999-A-19.wav,5,19,thunderstorm,FALSE,156999,A
5-156999-B-19.wav,5,19,thunderstorm,FALSE,156999,B
5-156999-C-19.wav,5,19,thunderstorm,FALSE,156999,C
5-156999-D-19.wav,5,19,thunderstorm,FALSE,156999,D
5-156999-E-19.wav,5,19,thunderstorm,FALSE,156999,E
5-188495-A-19.wav,5,19,thunderstorm,FALSE,188495,A
5-192191-A-19.wav,5,19,thunderstorm,FALSE,192191,A
5-195557-A-19.wav,5,19,thunderstorm,FALSE,195557,A
1-20736-A-18.wav,1,18,toilet_flush,FALSE,20736,A
1-28005-A-18.wav,1,18,toilet_flush,FALSE,28005,A
1-30214-A-18.wav,1,18,toilet_flush,FALSE,30214,A
1-46274-A-18.wav,1,18,toilet_flush,FALSE,46274,A
1-51170-A-18.wav,1,18,toilet_flush,FALSE,51170,A
1-53670-A-18.wav,1,18,toilet_flush,FALSE,53670,A
1-54752-A-18.wav,1,18,toilet_flush,FALSE,54752,A
1-56269-A-18.wav,1,18,toilet_flush,FALSE,56269,A
2-64332-A-18.wav,2,18,toilet_flush,FALSE,64332,A
2-65484-A-18.wav,2,18,toilet_flush,FALSE,65484,A
2-67422-A-18.wav,2,18,toilet_flush,FALSE,67422,A
2-70280-A-18.wav,2,18,toilet_flush,FALSE,70280,A
2-72677-A-18.wav,2,18,toilet_flush,FALSE,72677,A
2-74977-A-18.wav,2,18,toilet_flush,FALSE,74977,A
2-84943-A-18.wav,2,18,toilet_flush,FALSE,84943,A
2-85945-A-18.wav,2,18,toilet_flush,FALSE,85945,A
3-100018-A-18.wav,3,18,toilet_flush,FALSE,100018,A
3-108677-A-18.wav,3,18,toilet_flush,FALSE,108677,A
3-108791-A-18.wav,3,18,toilet_flush,FALSE,108791,A
3-112356-A-18.wav,3,18,toilet_flush,FALSE,112356,A
3-118059-A-18.wav,3,18,toilet_flush,FALSE,118059,A
3-92637-A-18.wav,3,18,toilet_flush,FALSE,92637,A
3-93010-A-18.wav,3,18,toilet_flush,FALSE,93010,A
3-98771-A-18.wav,3,18,toilet_flush,FALSE,98771,A
4-119720-A-18.wav,4,18,toilet_flush,FALSE,119720,A
4-123680-A-18.wav,4,18,toilet_flush,FALSE,123680,A
4-126046-A-18.wav,4,18,toilet_flush,FALSE,126046,A
4-126532-A-18.wav,4,18,toilet_flush,FALSE,126532,A
4-135439-A-18.wav,4,18,toilet_flush,FALSE,135439,A
4-141365-A-18.wav,4,18,toilet_flush,FALSE,141365,A
4-145006-A-18.wav,4,18,toilet_flush,FALSE,145006,A
4-152958-A-18.wav,4,18,toilet_flush,FALSE,152958,A
5-156698-A-18.wav,5,18,toilet_flush,FALSE,156698,A
5-177034-A-18.wav,5,18,toilet_flush,FALSE,177034,A
5-182404-A-18.wav,5,18,toilet_flush,FALSE,182404,A
5-185908-A-18.wav,5,18,toilet_flush,FALSE,185908,A
5-197913-A-18.wav,5,18,toilet_flush,FALSE,197913,A
5-201664-A-18.wav,5,18,toilet_flush,FALSE,201664,A
5-202020-A-18.wav,5,18,toilet_flush,FALSE,202020,A
5-202540-A-18.wav,5,18,toilet_flush,FALSE,202540,A
1-119125-A-45.wav,1,45,train,FALSE,119125,A
1-54065-A-45.wav,1,45,train,FALSE,54065,A
1-54065-B-45.wav,1,45,train,FALSE,54065,B
1-62509-A-45.wav,1,45,train,FALSE,62509,A
1-64473-A-45.wav,1,45,train,FALSE,64473,A
1-70300-A-45.wav,1,45,train,FALSE,70300,A
1-88409-A-45.wav,1,45,train,FALSE,88409,A
1-88409-B-45.wav,1,45,train,FALSE,88409,B
2-122066-A-45.wav,2,45,train,FALSE,122066,A
2-122066-B-45.wav,2,45,train,FALSE,122066,B
2-122067-A-45.wav,2,45,train,FALSE,122067,A
2-122067-B-45.wav,2,45,train,FALSE,122067,B
2-135649-A-45.wav,2,45,train,FALSE,135649,A
2-135649-B-45.wav,2,45,train,FALSE,135649,B
2-135649-C-45.wav,2,45,train,FALSE,135649,C
2-262579-A-45.wav,2,45,train,FALSE,262579,A
3-135650-A-45.wav,3,45,train,FALSE,135650,A
3-135650-B-45.wav,3,45,train,FALSE,135650,B
3-136451-A-45.wav,3,45,train,FALSE,136451,A
3-138212-A-45.wav,3,45,train,FALSE,138212,A
3-141559-A-45.wav,3,45,train,FALSE,141559,A
3-157492-A-45.wav,3,45,train,FALSE,157492,A
3-159445-A-45.wav,3,45,train,FALSE,159445,A
3-159445-B-45.wav,3,45,train,FALSE,159445,B
4-165606-A-45.wav,4,45,train,FALSE,165606,A
4-165791-A-45.wav,4,45,train,FALSE,165791,A
4-165791-B-45.wav,4,45,train,FALSE,165791,B
4-165845-A-45.wav,4,45,train,FALSE,165845,A
4-165845-B-45.wav,4,45,train,FALSE,165845,B
4-165933-A-45.wav,4,45,train,FALSE,165933,A
4-168446-A-45.wav,4,45,train,FALSE,168446,A
4-178881-A-45.wav,4,45,train,FALSE,178881,A
5-188796-A-45.wav,5,45,train,FALSE,188796,A
5-188945-A-45.wav,5,45,train,FALSE,188945,A
5-197118-A-45.wav,5,45,train,FALSE,197118,A
5-197121-A-45.wav,5,45,train,FALSE,197121,A
5-197121-B-45.wav,5,45,train,FALSE,197121,B
5-198600-A-45.wav,5,45,train,FALSE,198600,A
5-199284-A-45.wav,5,45,train,FALSE,199284,A
5-199284-B-45.wav,5,45,train,FALSE,199284,B
1-100210-A-36.wav,1,36,vacuum_cleaner,FALSE,100210,A
1-100210-B-36.wav,1,36,vacuum_cleaner,FALSE,100210,B
1-19840-A-36.wav,1,36,vacuum_cleaner,FALSE,19840,A
1-19872-A-36.wav,1,36,vacuum_cleaner,FALSE,19872,A
1-19872-B-36.wav,1,36,vacuum_cleaner,FALSE,19872,B
1-46744-A-36.wav,1,36,vacuum_cleaner,FALSE,46744,A
1-60460-A-36.wav,1,36,vacuum_cleaner,FALSE,60460,A
1-79236-A-36.wav,1,36,vacuum_cleaner,FALSE,79236,A
2-106072-A-36.wav,2,36,vacuum_cleaner,FALSE,106072,A
2-106073-A-36.wav,2,36,vacuum_cleaner,FALSE,106073,A
2-122820-A-36.wav,2,36,vacuum_cleaner,FALSE,122820,A
2-122820-B-36.wav,2,36,vacuum_cleaner,FALSE,122820,B
2-141681-A-36.wav,2,36,vacuum_cleaner,FALSE,141681,A
2-141681-B-36.wav,2,36,vacuum_cleaner,FALSE,141681,B
2-141682-A-36.wav,2,36,vacuum_cleaner,FALSE,141682,A
2-141682-B-36.wav,2,36,vacuum_cleaner,FALSE,141682,B
3-152020-A-36.wav,3,36,vacuum_cleaner,FALSE,152020,A
3-152020-B-36.wav,3,36,vacuum_cleaner,FALSE,152020,B
3-152020-C-36.wav,3,36,vacuum_cleaner,FALSE,152020,C
3-159346-A-36.wav,3,36,vacuum_cleaner,FALSE,159346,A
3-159346-B-36.wav,3,36,vacuum_cleaner,FALSE,159346,B
3-159347-A-36.wav,3,36,vacuum_cleaner,FALSE,159347,A
3-159347-B-36.wav,3,36,vacuum_cleaner,FALSE,159347,B
3-159348-A-36.wav,3,36,vacuum_cleaner,FALSE,159348,A
4-146200-A-36.wav,4,36,vacuum_cleaner,FALSE,146200,A
4-172732-A-36.wav,4,36,vacuum_cleaner,FALSE,172732,A
4-172733-A-36.wav,4,36,vacuum_cleaner,FALSE,172733,A
4-172734-A-36.wav,4,36,vacuum_cleaner,FALSE,172734,A
4-172736-A-36.wav,4,36,vacuum_cleaner,FALSE,172736,A
4-172736-B-36.wav,4,36,vacuum_cleaner,FALSE,172736,B
4-181999-A-36.wav,4,36,vacuum_cleaner,FALSE,181999,A
4-194680-A-36.wav,4,36,vacuum_cleaner,FALSE,194680,A
5-182007-A-36.wav,5,36,vacuum_cleaner,FALSE,182007,A
5-182010-A-36.wav,5,36,vacuum_cleaner,FALSE,182010,A
5-182012-A-36.wav,5,36,vacuum_cleaner,FALSE,182012,A
5-188365-A-36.wav,5,36,vacuum_cleaner,FALSE,188365,A
5-212054-A-36.wav,5,36,vacuum_cleaner,FALSE,212054,A
5-212059-A-36.wav,5,36,vacuum_cleaner,FALSE,212059,A
5-231551-A-36.wav,5,36,vacuum_cleaner,FALSE,231551,A
5-263902-A-36.wav,5,36,vacuum_cleaner,FALSE,263902,A
1-21896-A-35.wav,1,35,washing_machine,FALSE,21896,A
1-23996-A-35.wav,1,35,washing_machine,FALSE,23996,A
1-23996-B-35.wav,1,35,washing_machine,FALSE,23996,B
1-27165-A-35.wav,1,35,washing_machine,FALSE,27165,A
1-27166-A-35.wav,1,35,washing_machine,FALSE,27166,A
1-32373-A-35.wav,1,35,washing_machine,FALSE,32373,A
1-32373-B-35.wav,1,35,washing_machine,FALSE,32373,B
1-49098-A-35.wav,1,35,washing_machine,FALSE,49098,A
2-102567-A-35.wav,2,35,washing_machine,FALSE,102567,A
2-102567-B-35.wav,2,35,washing_machine,FALSE,102567,B
2-102567-C-35.wav,2,35,washing_machine,FALSE,102567,C
2-102567-D-35.wav,2,35,washing_machine,FALSE,102567,D
2-102568-A-35.wav,2,35,washing_machine,FALSE,102568,A
2-121909-A-35.wav,2,35,washing_machine,FALSE,121909,A
2-51173-A-35.wav,2,35,washing_machine,FALSE,51173,A
2-59241-A-35.wav,2,35,washing_machine,FALSE,59241,A
3-135469-A-35.wav,3,35,washing_machine,FALSE,135469,A
3-151269-A-35.wav,3,35,washing_machine,FALSE,151269,A
3-151273-A-35.wav,3,35,washing_machine,FALSE,151273,A
3-156391-A-35.wav,3,35,washing_machine,FALSE,156391,A
3-156393-A-35.wav,3,35,washing_machine,FALSE,156393,A
3-182710-A-35.wav,3,35,washing_machine,FALSE,182710,A
3-182710-B-35.wav,3,35,washing_machine,FALSE,182710,B
3-188726-A-35.wav,3,35,washing_machine,FALSE,188726,A
4-218199-A-35.wav,4,35,washing_machine,FALSE,218199,A
4-218199-B-35.wav,4,35,washing_machine,FALSE,218199,B
4-218199-C-35.wav,4,35,washing_machine,FALSE,218199,C
4-218199-D-35.wav,4,35,washing_machine,FALSE,218199,D
4-218199-E-35.wav,4,35,washing_machine,FALSE,218199,E
4-218199-F-35.wav,4,35,washing_machine,FALSE,218199,F
4-218199-G-35.wav,4,35,washing_machine,FALSE,218199,G
4-218199-H-35.wav,4,35,washing_machine,FALSE,218199,H
5-141683-A-35.wav,5,35,washing_machine,FALSE,141683,A
5-181977-A-35.wav,5,35,washing_machine,FALSE,181977,A
5-207811-A-35.wav,5,35,washing_machine,FALSE,207811,A
5-207811-B-35.wav,5,35,washing_machine,FALSE,207811,B
5-223810-A-35.wav,5,35,washing_machine,FALSE,223810,A
5-238021-A-35.wav,5,35,washing_machine,FALSE,238021,A
5-245040-A-35.wav,5,35,washing_machine,FALSE,245040,A
5-260875-A-35.wav,5,35,washing_machine,FALSE,260875,A
1-12653-A-15.wav,1,15,water_drops,FALSE,12653,A
1-12654-A-15.wav,1,15,water_drops,FALSE,12654,A
1-12654-B-15.wav,1,15,water_drops,FALSE,12654,B
1-16746-A-15.wav,1,15,water_drops,FALSE,16746,A
1-23094-A-15.wav,1,15,water_drops,FALSE,23094,A
1-23094-B-15.wav,1,15,water_drops,FALSE,23094,B
1-50623-A-15.wav,1,15,water_drops,FALSE,50623,A
1-90797-A-15.wav,1,15,water_drops,FALSE,90797,A
2-124564-A-15.wav,2,15,water_drops,FALSE,124564,A
2-139748-A-15.wav,2,15,water_drops,FALSE,139748,A
2-139748-B-15.wav,2,15,water_drops,FALSE,139748,B
2-139749-A-15.wav,2,15,water_drops,FALSE,139749,A
2-64962-A-15.wav,2,15,water_drops,FALSE,64962,A
2-64963-A-15.wav,2,15,water_drops,FALSE,64963,A
2-68595-A-15.wav,2,15,water_drops,FALSE,68595,A
2-68595-B-15.wav,2,15,water_drops,FALSE,68595,B
3-156907-A-15.wav,3,15,water_drops,FALSE,156907,A
3-160119-A-15.wav,3,15,water_drops,FALSE,160119,A
3-164592-A-15.wav,3,15,water_drops,FALSE,164592,A
3-164593-A-15.wav,3,15,water_drops,FALSE,164593,A
3-164594-A-15.wav,3,15,water_drops,FALSE,164594,A
3-164595-A-15.wav,3,15,water_drops,FALSE,164595,A
3-166324-A-15.wav,3,15,water_drops,FALSE,166324,A
3-166326-A-15.wav,3,15,water_drops,FALSE,166326,A
4-168155-A-15.wav,4,15,water_drops,FALSE,168155,A
4-174797-A-15.wav,4,15,water_drops,FALSE,174797,A
4-188293-A-15.wav,4,15,water_drops,FALSE,188293,A
4-188293-B-15.wav,4,15,water_drops,FALSE,188293,B
4-197871-A-15.wav,4,15,water_drops,FALSE,197871,A
4-212604-A-15.wav,4,15,water_drops,FALSE,212604,A
4-212604-B-15.wav,4,15,water_drops,FALSE,212604,B
4-212604-C-15.wav,4,15,water_drops,FALSE,212604,C
5-241846-A-15.wav,5,15,water_drops,FALSE,241846,A
5-254832-A-15.wav,5,15,water_drops,FALSE,254832,A
5-254832-B-15.wav,5,15,water_drops,FALSE,254832,B
5-257349-A-15.wav,5,15,water_drops,FALSE,257349,A
5-259180-A-15.wav,5,15,water_drops,FALSE,259180,A
5-261433-A-15.wav,5,15,water_drops,FALSE,261433,A
5-261439-A-15.wav,5,15,water_drops,FALSE,261439,A
5-262641-A-15.wav,5,15,water_drops,FALSE,262641,A
1-137296-A-16.wav,1,16,wind,FALSE,137296,A
1-29532-A-16.wav,1,16,wind,FALSE,29532,A
1-47709-A-16.wav,1,16,wind,FALSE,47709,A
1-47714-A-16.wav,1,16,wind,FALSE,47714,A
1-51035-A-16.wav,1,16,wind,FALSE,51035,A
1-51036-A-16.wav,1,16,wind,FALSE,51036,A
1-51037-A-16.wav,1,16,wind,FALSE,51037,A
1-69760-A-16.wav,1,16,wind,FALSE,69760,A
2-104952-A-16.wav,2,16,wind,FALSE,104952,A
2-104952-B-16.wav,2,16,wind,FALSE,104952,B
2-109371-A-16.wav,2,16,wind,FALSE,109371,A
2-109371-B-16.wav,2,16,wind,FALSE,109371,B
2-109371-C-16.wav,2,16,wind,FALSE,109371,C
2-109371-D-16.wav,2,16,wind,FALSE,109371,D
2-109374-A-16.wav,2,16,wind,FALSE,109374,A
2-205966-A-16.wav,2,16,wind,FALSE,205966,A
3-117504-A-16.wav,3,16,wind,FALSE,117504,A
3-117504-B-16.wav,3,16,wind,FALSE,117504,B
3-134699-A-16.wav,3,16,wind,FALSE,134699,A
3-134699-B-16.wav,3,16,wind,FALSE,134699,B
3-134699-C-16.wav,3,16,wind,FALSE,134699,C
3-136608-A-16.wav,3,16,wind,FALSE,136608,A
3-246513-A-16.wav,3,16,wind,FALSE,246513,A
3-246513-B-16.wav,3,16,wind,FALSE,246513,B
4-144083-A-16.wav,4,16,wind,FALSE,144083,A
4-144083-B-16.wav,4,16,wind,FALSE,144083,B
4-144083-C-16.wav,4,16,wind,FALSE,144083,C
4-144085-A-16.wav,4,16,wind,FALSE,144085,A
4-163606-A-16.wav,4,16,wind,FALSE,163606,A
4-163608-B-16.wav,4,16,wind,FALSE,163608,B
4-163609-A-16.wav,4,16,wind,FALSE,163609,A
4-163609-B-16.wav,4,16,wind,FALSE,163609,B
5-117773-A-16.wav,5,16,wind,FALSE,117773,A
5-157204-A-16.wav,5,16,wind,FALSE,157204,A
5-157204-B-16.wav,5,16,wind,FALSE,157204,B
5-179496-A-16.wav,5,16,wind,FALSE,179496,A
5-179496-B-16.wav,5,16,wind,FALSE,179496,B
5-217186-A-16.wav,5,16,wind,FALSE,217186,A
5-217186-B-16.wav,5,16,wind,FALSE,217186,B
5-217186-C-16.wav,5,16,wind,FALSE,217186,C
